rank,Youtuber,subscribers,video views,category,Title,uploads,Country,channel_type,video_views_rank,channel_type_rank
1,T-Series,245000000,2.28E+11,Music,T-Series,20082,India,Music,1,1
2,YouTube Movies,170000000,0,Film & Animation,youtubemovies,1,United States,Games,4055159,7423
3,MrBeast,166000000,28368841870,Entertainment,MrBeast,741,United States,Entertainment,48,1
4,Cocomelon - Nursery Rhymes,162000000,1.64E+11,Education,Cocomelon - Nursery Rhymes,966,United States,Education,2,1
5,SET India,159000000,1.48E+11,Shows,SET India,116536,India,Entertainment,3,2
6,Music,119000000,0,nan,Music,0,nan,Music,4057944,nan
7,��� Kids Diana Show,112000000,93247040539,People & Blogs,��� Kids Diana Show,1111,United States,Entertainment,5,3
8,PewDiePie,111000000,29058044447,Gaming,PewDiePie,4716,Japan,Entertainment,44,4
9,Like Nastya,106000000,90479060027,People & Blogs,Like Nastya Vlog,493,Russia,People,630,25
10,Vlad and Niki,98900000,77180169894,Entertainment,Vlad and Niki,574,United States,Entertainment,8,6
11,Zee Music Company,96700000,57856289381,Music,Zee Music Company,8548,India,Music,12,2
12,WWE,96000000,77428473662,Sports,WWE,70127,United States,Sports,7,1
13,Gaming,93600000,0,nan,Gaming,0,nan,Games,4057944,1
14,BLACKPINK,89800000,32144597566,People & Blogs,BLACKPINK,543,South Korea,Music,32,3
15,Goldmines,86900000,24118230580,Film & Animation,goldmines,1,nan,Music,4056562,5663
16,Sony SAB,83000000,1.01E+11,Shows,Sony SAB,71270,India,Entertainment,4,7
17,5-Minute Crafts,80100000,26236790209,Howto & Style,5-Minute Crafts 2.0,1,United Kingdom,Entertainment,4057901,6781
18,BANGTANTV,75600000,20826993957,Music,BANGTANTV,2281,South Korea,Music,112,4
19,Sports,75000000,0,nan,sports,3,United States,Entertainment,3898122,5395
20,Justin Bieber,71600000,30608119724,Music,Justin Bieber,249,Canada,Music,38,6
21,HYBE LABELS,71300000,28634566938,Music,HYBE LABELS,1337,South Korea,Music,46,5
22,Zee TV,70500000,73139054467,Entertainment,Zee TV,129204,India,Entertainment,9,8
23,Pinkfong Baby Shark - Kids' Songs & Stories,68200000,38843229963,Education,Pinkfong Baby Shark - Kids' Songs & Stories,2865,United States,Education,23,2
24,Canal KondZilla,66500000,36775585925,Music,Canal KondZilla,2572,Brazil,Music,25,7
25,ChuChu TV Nursery Rhymes & Kids Songs,65900000,45757850229,Education,ChuChu TV Nursery Rhymes & Kids Songs,633,India,Education,18,3
26,Shemaroo Filmi Gaane,65600000,28648024439,Music,Shemaroo Filmi Gaane,8502,India,Music,47,8
27,Colors TV,64600000,61510906457,Shows,Colors TV,112915,India,Entertainment,10,9
28,T-Series Bhakti Sagar,61000000,29533230328,Music,T- SERIES BHAKTI SAGAR,13,India,Music,4053938,5744
29,Dude Perfect,59500000,16241549158,Sports,Dude Perfect,389,United States,Sports,182,3
30,Movieclips,59500000,59316472754,Film & Animation,Movieclips,39113,United States,Film,11,3
31,Tips Official,59300000,33431802698,Music,Tips Official,4741,India,Music,30,10
32,El Reino Infantil,58400000,57271630846,Music,El Reino Infantil,1510,Argentina,Music,13,11
33,Wave Music,58000000,40602020243,Music,Wave Music,19487,India,Music,21,12
34,Aaj Tak,57600000,25307753534,News & Politics,Aaj Tak,283775,India,News,71,1
35,Sony Music India,57200000,28837144516,Music,Sony Music India,3882,India,Music,45,13
36,EminemMusic,56900000,27073872856,Music,EminemMusic,156,United States,Music,59,14
37,Marshmello,56400000,14696003229,Entertainment,Marshmello,436,United States,Music,233,15
38,YRF,54600000,35302243691,Film & Animation,YRF,3707,India,Music,28,16
39,LooLoo Kids - Nursery Rhymes and Children's Songs,54000000,32312431239,Music,LooLoo Kids - Nursery Rhymes and Children's �,11,nan,nan,3800129,nan
40,Ed Sheeran,53500000,30367676736,Music,Ed Sheeran,383,United Kingdom,Music,39,18
41,Infobells - Hindi,53300000,30516172739,Education,Infobells - Hindi,577,India,Education,37,4
42,Taylor Swift,52900000,29884657286,Music,Taylor Swift,216,United States,Music,40,19
43,Ariana Grande,52700000,24004842608,Music,Ariana Grande,147,United States,Music,78,20
44,BillionSurpriseToys  - Nursery Rhymes & Cartoons,52200000,9877365274,Education,BillionSurpriseToys  - Nursery Rhymes & Cart�,847,United States,Education,450,5
45,JuegaGerman,48100000,14631710289,Gaming,JuegaGerman,2052,Chile,Games,237,2
46,Billie Eilish,47900000,13626331061,Music,Billie Eilish,65,United States,Music,263,21
47,Get Movies,47500000,30788679536,Entertainment,Get Movies,3322,Russia,Film,35,4
48,Shemaroo,47400000,22519705183,Entertainment,Shemaroo,11451,India,Entertainment,97,10
49,Badabun,46800000,19398045702,Entertainment,badabun,1,nan,Music,4047729,5525
50,SonyMusicIndiaVEVO,46600000,27286058807,Music,SonyMusicIndiaVEVO,3444,United States,Music,55,22
51,A4,46300000,22936630813,Gaming,aefour,1,Cuba,People,4053056,5359
52,Bad Bunny,46100000,30686342319,Music,badbunny,1,nan,Sports,4046070,4501
53,Fernanfloo,46100000,10323391593,Gaming,Fernanfloo,543,El Salvador,Games,419,3
54,Voot Kids,45500000,21388725229,Entertainment,Voot Kids,4660,India,Entertainment,105,13
55,Felipe Neto,45200000,16602198273,Entertainment,Felipe Neto,4331,Brazil,Entertainment,174,14
56,Voc���,44700000,7828610828,Entertainment,Voc���,1558,Brazil,Entertainment,681,15
57,HAR PAL GEO,44600000,41139050371,Entertainment,HAR PAL GEO,100755,Pakistan,Entertainment,20,15
58,BRIGHT SIDE,44500000,10708531817,Howto & Style,brightside,0,nan,nan,4057944,nan
59,Katy Perry,44200000,25458952022,Music,Katy Perry,128,United States,Music,70,24
60,whinderssonnunes,44200000,4274709210,Comedy,whinderssonnunes,558,Brazil,Comedy,1741,1
61,ABS-CBN Entertainment,44200000,50292540392,People & Blogs,ABS-CBN Entertainment,193890,Philippines,Entertainment,16,16
62,Alan Walker,43700000,12884264778,Music,alanwalker,8,Thailand,Film,4056116,5270
63,HolaSoyGerman.,43600000,4831311245,Entertainment,holasoygerman. 2,6,nan,People,4047806,7716
64,Shakira,43500000,27568757295,People & Blogs,Shakira,326,Colombia,Howto,52,3
65,�������� �� ��������������,43200000,36458726976,Film & Animation,�������� �� ��������������,1478,Russia,Education,26,6
66,ARY Digital HD,43200000,37939780685,Entertainment,ARY Digital HD,109871,Pakistan,Entertainment,24,18
67,Speed Records,42500000,26820902622,Music,Speed Records,10938,India,Music,62,26
68,Masha and The Bear,42400000,24519022988,Shows,Masha and The Bear,1218,United States,Film,74,5
69,Like Nastya Show,42400000,19547696190,Entertainment,Like Nastya Show,618,United States,Entertainment,128,19
70,Rihanna,41900000,22477745835,Entertainment,Rihanna,84,Barbados,Music,98,27
71,Ishtar Music,41400000,17608931161,Trailers,Ishtar Music,4510,India,Music,155,28
72,Kimberly Loaiza,41300000,5603111948,People & Blogs,Kimberly Loaiza,291,Mexico,People,1157,1
73,Little Baby Bum - Nursery Rhymes & Kids Songs,40900000,39450824833,Education,Little Baby Bum - Nursery Rhymes & Kids Songs,2423,United States,Education,22,7
74,Luisito Comunica,40600000,8670473639,Comedy,Luis Arturo Villar Sudek,0,Mexico,Comedy,3612215,nan
75,elrubiusOMG,40400000,7410536668,Gaming,elrubiusOMG,703,nan,Entertainment,756,21
76,Toys and Colors,40300000,47005053156,Entertainment,Toys and colors,4,nan,People,3989650,7330
77,shfa2 - ��,39700000,23884824160,People & Blogs,shfa2 - ��,1596,United Arab Emirates,People,81,2
78,LUCCAS NETO - LUCCAS TOON,39400000,22302547082,People & Blogs,LUCCAS NETO- LUCCAS TOON,1,nan,Games,4057895,7498
79,CarryMinati,39200000,3294013141,Comedy,CarryMinati,186,India,Comedy,2487,2
80,XXXTENTACION,39200000,10507474316,Music,XXXTENTACION,133,United States,Music,403,29
81,Super Simple Songs - Kids Songs,39200000,44900897958,Education,Super Simple Songs - Kids Songs,744,Canada,Education,19,8
82,Mikecrack,39100000,16118181673,Gaming,Mikecrack,1876,Spain,Games,188,4
83,WorkpointOfficial,39000000,36131228583,Entertainment,WorkpointOfficial,72580,Thailand,Entertainment,27,24
84,GR6 EXPLODE,38900000,25154232306,Music,GR6 EXPLODE,3043,Brazil,Music,73,30
85,TEDx Talks,38600000,7339333120,Nonprofits & Activism,TEDx Talks,200933,United States,Nonprofit,768,1
86,shfa,38400000,21528116909,People & Blogs,���������� ������,982,Saudi Arabia,Games,150882,1454
87,Goldmines Gaane Sune Ansune,38300000,16718192386,Music,Goldmines Gaane Sune Ansune,3532,India,Music,170,31
88,One Direction,38200000,13598903820,Music,21 Savage,11,United States,Music,539848,2594
89,TheEllenShow,38200000,22756581750,Entertainment,TheEllenShow,15672,United States,Entertainment,93,26
90,Sony PAL,38200000,28519339489,Shows,Sony PAL,24089,India,Entertainment,49,25
91,Daddy Yankee,38000000,22731415608,Music,Daddy Yankee,505,United States,Music,92,33
92,Vlad v���,37900000,23510152352,nan,Vlad v���,515,United States,Entertainment,84,27
93,Like Nastya ESP,37600000,18208196857,Entertainment,Like Nastya ESP,743,United States,Entertainment,145,28
94,������������ one31,37500000,27262462114,Entertainment,������������ one31,117152,Thailand,Entertainment,56,29
95,Jkk Entertainment,37200000,16402066717,Comedy,Jkk Entertainment,220,India,Comedy,178,3
96,ABP NEWS,37000000,13102611515,People & Blogs,ABP NEWS,301308,India,News,280,2
97,Maria Clara & JP,37000000,24188861917,People & Blogs,Maria Clara & JP,744,Brazil,Entertainment,75,30
98,Bruno Mars,36700000,19378155425,Music,Bruno Mars,99,United States,Music,134,34
99,Maroon 5,36600000,22553923546,Music,Maroon 5,171,United States,Music,96,35
100,Ultra Bollywood,36600000,15653786446,Trailers,Ultra Bollywood,9168,India,Entertainment,205,31
101,PowerKids TV,36500000,18961241905,Film & Animation,PowerKids TV,5621,nan,Film,139,6
102,YouTube,36300000,3010784935,News & Politics,YouTube,744,United States,Entertainment,2860,5
103,News,36300000,0,nan,News,0,nan,nan,4057944,nan
104,Ozuna,36200000,23355801606,Music,Ozuna,196,nan,Music,87,36
105,MrBeast Gaming,36100000,6331332547,Gaming,MrBeastGaming,5,nan,Comedy,4057305,4880
106,La Granja de Zen�,35700000,27118354077,Music,La Granja de Zen�,654,Argentina,Music,58,37
107,Saregama Music,35500000,15657673422,Entertainment,Saregama Music,7566,India,Music,199,38
108,IndiaTV,35500000,16105023749,News & Politics,IndiaTV,273255,India,News,185,3
109,T-Series Bollywood Classics,35400000,22637783517,Music,T-Series Bollywood Classics,2010,India,Music,94,39
110,Total Gaming,35400000,5556364230,Gaming,totalgaming,1,nan,Autos,4056447,3902
111,Markiplier,35200000,20297931219,Gaming,Markiplier,5490,United States,Games,119,8
112,Ryan's World,35200000,55299840198,Entertainment,Ryan's World,2453,United States,Entertainment,15,32
113,Genevieve's Playhouse - Learning Videos for Kids,34900000,25607397308,Education,Genevieve's Playhouse - Learning Videos for �,617,United States,Film,69,7
114,T-Series Apna Punjab,34600000,21306315429,Music,T- Series Apna Punjab,0,nan,News,4057944,4653
115,Techno Gamerz,34400000,9690499664,Gaming,TechnoGamerz,1,nan,Games,4057311,7489
116,Geet MP3,34300000,12746535822,Music,Geet MP3,679,India,Music,299,41
117,J Balvin,34100000,23005313609,Music,J Balvin,141,Colombia,Music,89,42
118,Jess No Limit,34000000,3963007415,Entertainment,Jess No Limit,2284,Indonesia,Entertainment,1882,33
119,Jingle Toons,34000000,11351015824,Film & Animation,Jingle Toons,240,India,Film,360,8
120,VEGETTA777,33800000,15432929204,Gaming,VEGETTA777,7606,Spain,Games,211,10
121,Galinha Pintadinha,33800000,27274550757,Film & Animation,Galinha Pintadinha,66,Brazil,Film,54,9
122,SSSniperWolf,33700000,23492684419,Gaming,SSSniperWolf,3366,United States,Entertainment,83,35
123,Desi Music Factory,33700000,10189027455,Music,Desi music factory,2,nan,Music,4057699,5775
124,Selena Gomez,33600000,13013567335,Film & Animation,Selena Gomez,188,United States,Music,288,43
125,Rajshri,33500000,14864294792,Music,Rajshri,3741,India,Entertainment,222,36
126,Ch3Thailand,33500000,29611914495,Entertainment,Ch3Thailand,96214,Thailand,Entertainment,41,37
127,KHANDESHI MOVIES,33500000,11405809704,Comedy,KHANDESHI MOVIES,217,India,Comedy,357,4
128,NoCopyrightSounds,33400000,10530729078,Music,NoCopyrightSounds,1331,United Kingdom,Music,402,44
129,CVS 3D Rhymes & Kids Songs,33400000,20269857567,Education,CVS 3D Rhymes & Kids Songs,338,India,Education,120,9
130,Ricis Official,33300000,5994136760,People & Blogs,Ricis Official,2736,Indonesia,Entertainment,1043,34
131,BabyBus - Kids Songs and Cartoons,32800000,26355088167,Education,BabyBus - Kids Songs and Cartoons,2122,United States,Education,64,10
132,Eros Now Music,32700000,17853798780,Entertainment,Mzaalo,1521,India,Entertainment,8055,838
133,BETER B��,32700000,19180039918,nan,BETER B��,2738,Turkey,Games,137,11
134,DisneyMusicVEVO,32700000,28516250629,Music,DisneyMusicVEVO,2068,United States,Music,50,45
135,The Weeknd,32600000,23379969006,Music,The Weeknd,169,Canada,Music,85,45
136,WowKidz,32200000,16613441479,Film & Animation,wowkidz,2,nan,Entertainment,4053139,6723
137,KAROL G,32100000,18699145555,Music,KAROL G,134,Colombia,Music,140,46
138,Mr Bean,32100000,10602236110,Shows,Mr Bean,3091,United Kingdom,Comedy,400,5
139,rezendeevil,32100000,13061739758,Gaming,rezendeevil,11882,Brazil,Entertainment,287,40
140,StarPlus,32000000,26800674545,Entertainment,StarPlus,44892,India,Entertainment,60,40
141,SMTOWN,31900000,27330239663,Music,SMTOWN,4158,nan,Music,53,47
142,GMA  Network,31900000,19428308461,Entertainment,GMA  Network,93311,Philippines,Entertainment,129,41
143,GENIAL,31800000,6762424690,Howto & Style,GENIAL,6734,Mexico,Howto,884,4
144,MR. INDIAN HACKER,31700000,5711208484,Science & Technology,MR. INDIAN HACKER,929,India,Tech,1132,1
145,Worldwide Records Bhojpuri,31700000,16476978876,Music,Worldwide Records Bhojpuri,6518,India,Music,177,48
146,DONA ��,31700000,21031745531,Entertainment,DONA ��,166,United States,Entertainment,110,42
147,Dream,31700000,2930015381,Gaming,Dream,116,United States,Games,2986,12
148,Lucas and Marcus,31600000,11615848291,Entertainment,Lucas and Marcus,1321,United States,Entertainment,339,43
149,JustinBieberVEVO,31600000,26583873105,Music,JustinBieberVEVO,204,United States,Music,63,49
150,Luis Fonsi,31400000,15176762479,Entertainment,luisfonsi,0,nan,nan,4057944,nan
151,Peppa Pig - Official Channel,31400000,22919271731,Film & Animation,Peppa Pig - Official Channel,3589,United Kingdom,Education,91,11
152,YOLO AVENTURAS,31200000,9673649438,People & Blogs,YOLO AVENTURAS,65,Venezuela,Comedy,3361188,2270
153,The Tonight Show Starring Jimmy Fallon,31200000,17111726160,Comedy,The Tonight Show Starring Jimmy Fallon,8976,United States,Comedy,166,6
154,TheDonato,31200000,6187804950,Entertainment,TheDonato,3027,Argentina,Games,997,12
155,ImagineDragons,30700000,16793072362,Music,ImagineDragons,92,United States,Music,169,50
156,Diana and Roma ESP,30700000,12355992466,nan,Diana and Roma ESP,578,United States,Entertainment,313,45
157,Round2hell,30700000,3145161634,Comedy,Round2hell,67,India,Entertainment,2687,45
158,Zee News,30500000,16709857823,News & Politics,Zee News,180092,India,News,168,4
159,AboFlah,30500000,4521573939,Gaming,AboFlah,641,Kuwait,Entertainment,1573,7
160,AH,30400000,4332274962,Entertainment,AH,2197,Indonesia,Entertainment,1701,46
161,Trap Nation,30400000,14037426379,Music,Trap Nation,2725,United States,Music,255,51
162,��������������� ������ ������������������,30400000,17999961915,nan,��������������� ������ ������������������,532,United States,Entertainment,147,46
163,Boram Tube Vlog [���������,30300000,13546549817,Entertainment,Boram Tube Vlog [���������,223,United States,Entertainment,269,47
164,Adele,30200000,14199108016,Music,Adele,15,United Kingdom,Music,248,53
165,Talking Tom,30200000,15199330166,Comedy,TalkingTom,2,United States,Entertainment,4057345,6776
166,�������� �������� ���������� | toyoraljanahtv,30200000,27684955537,Entertainment,�������� �������� ���������� | toyoraljanahtv,3254,Jordan,Music,51,52
167,Frost Diamond,30100000,7277493940,Gaming,frostdiamond,0,nan,nan,4057944,nan
168,Spinnin' Records,30100000,19607009165,Music,Spinnin' Records,11501,Netherlands,Music,127,54
169,Little Angel: Nursery Rhymes & Kids Songs,30100000,22593193994,Education,Little Angel: Nursery Rhymes & Kids Songs,1349,United States,Education,95,12
170,jacksepticeye,30100000,16246625836,Gaming,jacksepticeye,5114,nan,Games,183,14
171,Shawn Mendes,30000000,12831200855,Music,Shawn Mendes,133,Canada,Music,295,55
172,ashish chanchlani vines,29800000,4457913639,Comedy,ashish chanchlani vines,151,India,Comedy,1622,8
173,Ultra Records,29600000,17208027242,Music,Ultra Records,4903,United States,Music,165,56
174,Popular on YouTube,29300000,0,nan,Popular on Youtube,3,nan,Education,4019724,4847
175,Maluma,29300000,21226945136,Music,MaLuMa,14,Argentina,People,4051498,7658
176,Zhong,29200000,14727238483,Entertainment,Zhong,1513,United States,Entertainment,230,48
177,Enaldinho,29200000,11627437847,Comedy,Enaldinho,3654,Brazil,Games,338,15
178,AuronPlay,29200000,4079141673,Comedy,AuronPlay,404,Spain,Comedy,1852,9
179,Shorts Break,29000000,19466238065,Comedy,shorts break,42,nan,nan,3997024,nan
180,infobells - Tamil,28900000,17930570614,Education,infobells - Tamil,555,India,Education,149,13
181,Aditya Music India,28500000,25857994495,Music,Aditya Music,0,nan,Music,4057944,4721
182,The Late Late Show with James Corden,28400000,9956764048,Entertainment,The Late Late Show with James Corden,5809,United States,Entertainment,445,49
183,Aditya Movies,28400000,10062770060,Movies,Aditya Movies,5436,India,Film,432,11
184,Masha y el Oso,28300000,13577142726,Film & Animation,Masha y El oso,6,nan,nan,4057907,nan
185,infobells - Telugu,28300000,14814192034,Education,infobells - Telugu,505,India,Education,223,14
186,HUM TV,28300000,23844936965,Entertainment,HUM TV,106983,Pakistan,Entertainment,80,49
187,Shemaroo Movies,28200000,7600740993,Entertainment,Shemaroo Movies,3009,India,Film,721,13
188,Michael Jackson,28200000,14412474625,Music,Michael Jackson,15,United States,Music,242,59
189,Drake,28100000,15318895118,Music,drake,3,nan,Film,4011030,4909
190,Goldmines Dishoom,28000000,8603468420,Film & Animation,Goldmines Dishoom,3878,nan,Film,587,14
191,Sandeep Maheshwari,27800000,2303069221,People & Blogs,Sandeepmaheshwari,0,Singapore,nan,4057944,nan
192,Bounce Patrol - Kids Songs,27800000,21037851468,Music,Bounce Patrol - Kids Songs,292,Australia,Music,111,61
193,toycantando,27700000,15777682516,Music,toycantando,619,Colombia,Music,197,62
194,MrBeast 2,27500000,4552581106,People & Blogs,Leaux Pass,27,United States,Music,2161873,4311
195,Wiz Khalifa,27500000,13379395501,Music,Wiz Khalifa,682,United States,Music,275,63
196,JYP Entertainment,27400000,19883150017,Music,JYP Entertainment,1753,South Korea,Music,124,64
197,��� Kids Roma Show,27400000,10336420490,People & Blogs,��� Kids Roma Show,642,United States,Entertainment,418,50
198,DanTDM,27400000,19417887510,Gaming,DanTDM,3664,United Kingdom,Games,132,16
199,Nick Jr.,27300000,22440611155,Film & Animation,Nick Jr.,5438,United States,Entertainment,100,51
200,Crazy XYZ,27300000,7705492350,Entertainment,Crazy XYZ,1259,India,Tech,707,2
201,ToyPuddingTV,27100000,15916882228,Entertainment,ToyPudding TV[�����,2,nan,People,4052296,7692
202,Dushyant kukreja,27100000,17318452893,Entertainment,Dushyant kukreja,889,India,Entertainment,159,52
203,Gulshan Kalra,27100000,12732444881,Howto & Style,Gulshan Kalra,545,nan,Howto,296,5
204,Brent Rivera,27000000,6570935979,Comedy,Brent Rivera,554,United States,Entertainment,909,53
205,Renato Garcia YT,26900000,7938616641,Entertainment,Renato Garcia YT,3956,Brazil,Entertainment,664,54
206,Beast Reacts,26700000,4388047013,People & Blogs,Beast Reacts,241,United States,Entertainment,1632,54
207,enchufetv,26700000,10317306313,Comedy,enchufetv,975,Colombia,Comedy,420,11
208,Netflix,26700000,7173668905,Entertainment,Netflix,6471,United States,Entertainment,797,55
209,Raffy Tulfo in Action,26500000,15065753455,News & Politics,Raffy Tulfo in Action,10022,Philippines,News,219,5
210,WORLDSTARHIPHOP,26500000,20358117330,Music,WORLDSTARHIPHOP,6873,United States,Music,117,65
211,Goldmines Bollywood,26400000,8595760553,Film & Animation,Goldmines Bollywood,3622,India,Film,588,15
212,Alan Chikin Chow,26400000,27006526665,Comedy,Alan Chikin Chow,865,United States,Comedy,61,12
213,PANDA BOI,26400000,17211600007,Entertainment,PANDA BOI,967,Italy,Entertainment,158,55
214,BB Ki Vines,26300000,4749833967,Entertainment,BB Ki Vines,190,India,Entertainment,1462,57
215,D Billions,26200000,31977463002,nan,D Billions,775,United States,Entertainment,33,58
216,Junya.����,26200000,16097531087,Entertainment,Junya.����,5985,Japan,Entertainment,184,56
217,Smosh,26100000,10435474336,Comedy,Smosh,1619,United States,Comedy,410,13
218,1MILLION Dance Studio,26100000,7886440199,Entertainment,1MILLION Dance Studio,0,Saudi Arabia,Music,4057944,5641
219,NichLmao,26000000,14101010609,People & Blogs,NichLmao,868,nan,People,249,6
220,Beyonc�,26000000,17308961985,Music,Beyonc�,240,United States,Music,163,66
221,Mar�����,26000000,18597534412,Music,mariliamendonca,1,nan,Music,4057142,4914
222,Indosiar,25900000,11372071889,Music,Indosiar,65286,Indonesia,Entertainment,358,60
223,VanossGaming,25800000,15541421838,Gaming,VanossGaming,1762,Canada,Games,206,17
224,David Guetta,25700000,17793809548,Music,David Guetta,749,United States,Music,153,67
225,LosPolinesios,25700000,7466926260,People & Blogs,LosPolinesios,982,Mexico,People,746,7
226,Nicki Minaj,25700000,10242981063,Music,Nicki Minaj,42,United States,Music,425,67
227,Fede Vigevani,25600000,7962725960,Howto & Style,Fede Vigevani,0,nan,nan,4057944,nan
228,TaylorSwiftVEVO,25600000,25592378292,Music,TaylorSwiftVEVO,287,United States,Music,67,68
229,ZHC,25500000,2726917087,Film & Animation,zhc,5,nan,Entertainment,4042995,6739
230,Post Malone,25500000,14401218086,Music,Post Malone,78,United States,Music,243,69
231,Rans Entertainment,25400000,6430853035,People & Blogs,Rans Entertainment,3716,Indonesia,Entertainment,942,62
232,LankyBox,25400000,34300482066,Comedy,LankyBox,8775,United States,Games,29,18
233,Coldplay,25300000,17331663193,Music,Coldplay,398,United Kingdom,Music,160,70
234,Las Ratitas,25200000,9602246828,People & Blogs,LAS RATITAS,4,nan,People,4051936,7690
235,WB Kids,25200000,11081602368,People & Blogs,WB Kids,2025,United States,Film,375,16
236,ABPLIVE,25200000,7968363381,People & Blogs,ABPLIVE,12,nan,People,4026389,7421
237,Chris Brown,25200000,15520569496,Music,ChrisBrown,0,nan,nan,3612215,nan
238,The Lallantop,25200000,10409352249,News & Politics,The Lallantop,51129,India,News,408,6
239,RihannaVEVO,25100000,19458807708,Music,RihannaVEVO,118,United States,Music,130,72
240,WatchMojo.com,25100000,16357064198,Music,WatchMojo.com,24837,Canada,Entertainment,180,64
241,TRANS7 OFFICIAL,25000000,14169516119,Entertainment,TRANS7 OFFICIAL,89179,Indonesia,Entertainment,251,64
242,Anuel AA,25000000,14827085149,Music,Anuel AA,147,Colombia,Music,225,73
243,Dan Rhodes,24800000,17387583720,Entertainment,Dan Rhodes,1644,United Kingdom,Entertainment,157,66
244,Yuya,24800000,2588501115,Howto & Style,Yuya,672,Mexico,Howto,3505,6
245,America's Got Talent,24800000,3699352704,Entertainment,America's Got Talent,1894,United States,Entertainment,2122,65
246,mujjuu___14,24800000,14655527943,People & Blogs,mujjuu___14,872,nan,People,234,8
247,EminemVEVO,24700000,20531704527,Music,EminemVEVO,104,United States,Music,115,74
248,Chloe Ting,24700000,2994726412,Howto & Style,Chloe Ting,412,Australia,Howto,2897,7
249,KatyPerryVEVO,24600000,23755792542,Music,KatyPerryVEVO,175,United States,Music,82,75
250,Mark Rober,24600000,3647987299,Science & Technology,Mark Rober,120,United States,Tech,2178,3
251,1theK (�����,24500000,23962070944,Music,1theK (�����,18950,South Korea,Entertainment,79,67
252,Like Nastya AE,24400000,12385924995,Entertainment,Like Nastya AE,658,United States,Entertainment,312,68
253,Amit Bhadana,24300000,2380248899,Entertainment,Amit Bhadana,17,nan,People,4054185,7710
254,Pen Movies,24300000,6608773195,Film & Animation,Pen Movies,1667,India,Film,903,17
255,MrBeast en Espa��,24200000,2700914170,Entertainment,MrBeast en Espa��,67,Mexico,Entertainment,3309,70
256,shfa show India,24200000,15724160183,nan,shfa show India,469,United Arab Emirates,People,203,9
257,Super JoJo - Nursery Rhymes & Kids Songs,24100000,329774870,nan,Super JoJo - Nursery Rhymes & Kids Songs,36,United States,Education,40117,15
258,Alejo Igoa,24100000,10999000479,Comedy,Alejo Igoa,802,Argentina,Entertainment,376,71
259,Daniel LaBelle,24100000,12916159065,Comedy,Daniel LaBelle,287,nan,Comedy,290,14
260,netd m��,24100000,56106087508,Music,netd m��,23491,Turkey,Music,14,76
261,DJ Snake,24100000,8425505919,Music,DJ Snake,252,United States,Music,602,76
262,Diana and Roma ARA,24100000,11041261296,nan,Diana and Roma ARA,590,United States,Entertainment,379,70
263,KSI,24100000,6002166932,Entertainment,KSI,1252,United Kingdom,Music,1053,76
264,Spider Slack,24000000,13943030228,Comedy,Spider Slack,901,Brazil,Comedy,252,14
265,Goldmines Movies,24000000,5652938599,Film & Animation,Ti Ti,3,nan,People,4057888,7725
266,Preston,24000000,8279004442,Gaming,Preston,4009,United States,Entertainment,621,72
267,James Charles,23900000,4067878931,Entertainment,James Charles,505,United States,Entertainment,1860,73
268,Collins Key,23900000,6582932625,Entertainment,Collins Key,257,United States,Entertainment,911,73
269,Diana and Roma EN,23900000,7213499085,People & Blogs,Diana and Roma EN,511,United States,Entertainment,787,73
270,Venus Entertainment,23800000,5663125358,Entertainment,Venus Entertainment,70,nan,Entertainment,367929,2500
271,Troom Troom,23800000,10414479943,Howto & Style,Troom Troom,2425,United States,Howto,412,8
272,Enrique Iglesias,23800000,17688774915,Music,Enrique Iglesias,443,United States,Music,154,77
273,Ninja,23700000,2543809954,Gaming,Ninja,1732,United States,Games,3590,19
274,FaZe Rug,23700000,7451792132,Gaming,FaZeRug,0,Canada,Games,4057944,7268
275,Mister Max,23700000,15510153803,People & Blogs,Mister Max,1099,United Kingdom,Entertainment,208,74
276,That Little Puff,23700000,20289689389,Pets & Animals,That Little Puff,769,United States,Animals,118,1
277,NickyJamTV,23600000,15901824841,Music,NickyJamTV,392,nan,Music,193,78
278,Juan De Dios Pantoja,23600000,2135644776,Entertainment,Juan De Dios Pantoja,226,Mexico,People,4529,10
279,Logan Paul,23600000,5994002464,Entertainment,Logan Paul,719,United States,Entertainment,1057,75
280,Maya and Mary,23600000,6766461070,Entertainment,Maya and Mary,552,United States,Entertainment,883,75
281,Peppa Pig Espa���������,23600000,7920637200,Film & Animation,Peppa Pig Espa���������,1251,United Kingdom,Film,668,19
282,Jelly,23500000,14777034543,Gaming,Jelly,6066,United Kingdom,Games,229,20
283,Miss Katy,23500000,14696994366,People & Blogs,Miss Katy,1044,United Kingdom,Entertainment,235,76
284,Tilak,23400000,9465863821,Film & Animation,Tilak,6672,India,Film,493,20
285,Valentina Pontes ofc,23400000,7926899136,Film & Animation,Valentina Pontes ofc,1291,Brazil,Entertainment,667,77
286,Sesame Street,23300000,22471357411,Entertainment,Sesame Street,3657,United States,Entertainment,99,78
287,Happy Lives,23200000,2634,Science & Technology,Happy Lives,1,United States,Entertainment,4053372,79
288,Lady Gaga,23200000,15751661213,People & Blogs,Lady Gaga,172,United States,Music,198,79
289,Akshay Nagwadiya,23200000,7966720147,Entertainment,Akshay Nagwadiya,595,nan,Entertainment,660,79
290,Wave Music Bhojpuri,23100000,12889240875,Music,Wave Music Bhojpuri,22578,India,Music,293,81
291,GMM GRAMMY OFFICIAL,23100000,25579831081,Music,GMM GRAMMY OFFICIAL,15462,Thailand,Music,68,81
292,TED,23100000,2551113422,People & Blogs,TED,4445,United States,Tech,3568,4
293,unknown boy varun,23100000,9299371231,Music,unknown boy varun,456,India,Music,506,80
294,Kids TV - Nursery Rhymes And Baby Songs,23100000,13151870846,Shows,Kids TV - Nursery Rhymes And Baby Songs,3781,United States,Music,282,81
295,Tsuriki Show,23000000,31494513067,Entertainment,Tsuriki Show,2905,Germany,Comedy,34,15
296,Technical Guruji,23000000,3378047383,Science & Technology,Technical Guruji,5041,India,Tech,2420,5
297,DrossRotzank,23000000,6041264489,Entertainment,DrossRotzank,1598,Argentina,Entertainment,1040,80
298,White Hill Music,23000000,10939966484,Entertainment,White Hill Music,5718,India,Music,382,82
299,Ultra Movie Parlour,22900000,5320485069,Movies,Ultra Movie Parlour,1670,India,Film,1248,22
300,Alan Becker,22900000,5380073627,Film & Animation,Alan Becker,0,United States,Games,4057944,7453
301,toyorbabytv,22900000,16298342829,Music,toyorbabytv,1159,Jordan,Music,181,83
302,BabyBus - Canciones Infantiles & Videos para Ni��,22900000,13206471140,Education,BabyBus - Canciones Infantiles & Videos para�,1251,Mexico,Education,278,17
303,KL BRO Biju Rithvik,22800000,17988347989,Entertainment,KL BRO Biju Rithvik,1841,nan,Entertainment,143,79
304,Vania Mania Kids,22700000,10115316784,People & Blogs,Vania Mania Kids,985,United States,Education,438,18
305,Like Nastya PRT,22700000,11568118121,Entertainment,Like Nastya PRT,654,nan,Entertainment,344,82
306,Sun TV,22600000,20847038152,People & Blogs,Sun TV,60964,India,Entertainment,109,82
307,Heroindori,22600000,9223534599,Comedy,Heroindori,495,India,Entertainment,508,81
308,The Chainsmokers,22600000,14231943358,Music,The Chainsmokers,180,United States,Music,246,84
309,mmoshaya,22600000,17507060680,People & Blogs,mmoshaya,1189,Saudi Arabia,Entertainment,156,83
310,Sia,22600000,13405849040,Music,Sia,171,United States,Music,273,84
311,LeoNata Family,22600000,27084848152,People & Blogs,LeoNata Family,2321,United States,People,57,11
312,Goldmines Cineplex,22500000,2431154438,Film & Animation,Goldmines Cineplex,3377,India,Film,3793,23
313,Vlad and Niki Arabic,22500000,10613701948,nan,Vlad and Niki Arabic,526,United States,Entertainment,399,84
314,SSundee,22500000,13835173331,Gaming,SSundee,3315,United States,Games,261,21
315,Paulo Londra,22400000,8040036209,Music,Paulo Londra,58,Argentina,Music,648,85
316,Smile Family,22300000,8663830163,People & Blogs,SMILE Family,34,France,Music,3805801,4509
317,FGTeeV,22300000,24059336857,Gaming,FGTeeV,1724,United States,Games,77,22
318,Kinder Spielzeug Kanal (Kidibli),22200000,11136266461,Entertainment,Kinder Spielzeug Kanal (Kidibli),999,United States,Entertainment,370,86
319,Charlie Puth,22000000,9924807127,Music,Charlie Puth,157,United States,Music,449,86
320,Vlad and Niki ESP,22000000,8594440895,nan,Vlad and Niki ESP,515,United States,Entertainment,591,87
321,Sagawa /���,22000000,18347969186,Entertainment,Sagawa /���,6274,Japan,Entertainment,144,88
322,Ben Azelart,21900000,4454917643,Film & Animation,Ben Azelart,301,United States,Entertainment,1620,88
323,Zach Choi ASMR,21900000,5918314128,People & Blogs,Zach Choi ASMR,946,United States,People,1069,12
324,Topper Guild,21900000,15552070846,Comedy,Topper Guild,816,United States,Comedy,204,16
325,Disney Latinoam��,21900000,20657571751,Entertainment,disneylatinoamerica,116,Mexico,Music,1277277,4085
326,Stokes Twins,21800000,4469711607,People & Blogs,Stokes Twins,257,United States,People,1610,13
327,National Geographic,21800000,5614621131,Science & Technology,National Geographic,10162,United States,Entertainment,1158,89
328,Dua Lipa,21800000,11288359365,Music,Dua Lipa,164,United Kingdom,Music,368,87
329,OneDirectionVEVO,21800000,12140232004,Music,OneDirectionVEVO,266,United Kingdom,Music,322,87
330,Rotana,21800000,19329351143,Music,rotana5018,135,nan,Music,926975,2709
331,Netflix India,21800000,7780934187,People & Blogs,NETFLIX INDIA,1,nan,People,4052308,7665
332,Sourav Joshi Vlogs,21700000,9392093496,People & Blogs,Sourav Joshi Vlogs,1390,nan,People,498,13
333,ZAMZAM ELECTRONICS TRADING,21700000,8507818877,nan,ZAMZAM ELECTRONICS TRADING,15126,United Arab Emirates,People,608,14
334,DUDU e CAROL,21600000,9597894786,Autos & Vehicles,DUDU e CAROL,2942,Brazil,Entertainment,481,90
335,Village Cooking Channel,21600000,5863377051,Howto & Style,Village Cooking Channel,219,India,Howto,1082,9
336,Eva Bravo Play,21600000,9346383505,Entertainment,Eva Bravo Play,228,United States,Entertainment,507,90
337,Tekashi 6ix9ine,21500000,5890180734,People & Blogs,Tekashi 6ix9ine,51,United States,Music,1081,88
338,Tlnovelas,21500000,15013096899,News & Politics,tlnovelas,158,Mexico,Entertainment,1936958,2940
339,SMOL,21500000,22065582014,People & Blogs,Claudio,6,nan,Music,4057657,5782
340,invictor,21500000,8409641722,Gaming,INVICTOR,17,Chile,People,4038708,7518
341,YOLO,21400000,1573058816,Comedy,YOLO,0,Germany,nan,4057944,nan
342,Sidhu Moose Wala,21400000,6264261757,Music,Sidhu Moose Wala,114,India,Music,987,89
343,The Royalty Family,21300000,6269945014,People & Blogs,The Royalty Family,733,United States,People,982,15
344,Becky G,21300000,10644857969,Music,Becky G,78,United States,Music,396,90
345,Ishaan Ali 11,21300000,12761253839,People & Blogs,Ishaan Ali 11,951,India,People,301,16
346,Infinite,21300000,5141834668,Entertainment,Infinite,1608,United States,Entertainment,1296,93
347,Azhan5star,21300000,10047736580,Entertainment,Azhan5star,669,India,Entertainment,436,92
348,Dangal TV Channel,21300000,12895427184,Entertainment,Dangal TV Channel,20225,India,Entertainment,291,92
349,Khan GS Research Centre,21200000,2073073070,Education,KHAN GS RESEARCH CENTRE,1,nan,People,4057930,7727
350,GMA Public  Affairs,21200000,11364908616,Entertainment,GMA Public  Affairs,31989,Philippines,News,359,7
351,Tasty,21100000,5783557209,Howto & Style,Tasty,4728,United States,Howto,1113,10
352,Baim Paula,21100000,4526271677,People & Blogs,Baim Paula,2325,Indonesia,Entertainment,1583,94
353,nigahiga,21000000,4380564906,Entertainment,nigahiga,403,United States,Entertainment,1671,95
354,Rafa & Luiz,21000000,7762905663,Entertainment,Rafa & Luiz,2883,Brazil,Entertainment,695,94
355,Lyrical Lemonade,21000000,10631638628,Entertainment,Lyrical Lemonade,420,United States,Entertainment,398,95
356,Vlad and Niki IDN,21000000,9789121606,nan,Vlad and Niki IDN,498,United States,Entertainment,464,95
357,Dr. Vivek Bindra: Motivational Speaker,20900000,1693149479,Education,Dr. Vivek Bindra: Motivational Speaker,896,India,Education,6082,20
358,Fatos Desconhecidos,20900000,3828000587,Entertainment,Fatos Desconhecidos,6262,Brazil,Entertainment,2033,96
359,Brave Wilderness,20900000,4927879069,Pets & Animals,Brave Wilderness,982,United States,Animals,1396,2
360,LIV Crime,20900000,11058049885,People & Blogs,LIV Crime,9850,United States,People,372,17
361,Minecraft - Topic,20900000,0,nan,Minecraft - Topic,0,nan,Games,4057944,24
362,Romeo Santos,20900000,17324976752,Music,RomeoSantos,6,United States,Music,2595710,4067
363,Canal Canalha,20800000,1870608170,Comedy,Canal Canalha,288,Brazil,Comedy,5407,18
364,Kurzgesagt ������,20800000,2378448129,Education,Kurzgesagt ������,193,Germany,Education,3914,21
365,Yoeslan,20700000,17963202261,Entertainment,Yoeslan,619,United States,Entertainment,146,96
366,5-Minute Crafts DIY,20700000,5091618606,Howto & Style,5-Minute Crafts DIY,5062,United States,Howto,1334,11
367,Zach King,20700000,5410164682,Entertainment,Zach King,6,nan,Entertainment,3997461,4664
368,tuzelity SHUFFLE,20700000,8658941531,People & Blogs,tuzelity SHUFFLE,889,Russia,People,570,18
369,NBA,20700000,12624879732,Sports,NBA,47926,United States,Sports,304,4
370,Deddy Corbuzier,20600000,4956090094,Entertainment,deddycorbuzier,15,Indonesia,Entertainment,3539124,6217
371,Bizarrap,20600000,7657171980,Comedy,Bizarrap,83,Argentina,Entertainment,711,98
372,Avicii,20600000,10292874715,Music,Avicii,156,Sweden,Music,421,92
373,Mnet K-POP,20500000,15038593883,Entertainment,Mnet K-POP,33229,South Korea,Entertainment,220,99
374,LazarBeam,20500000,8768697257,Gaming,LazarBeam,1323,Australia,Games,565,25
375,Ninja Kidz TV,20500000,11009148579,Entertainment,Ninja Kidz TV,296,United States,Entertainment,377,99
376,Totoy kids - Portugu�,20400000,1796227417,Film & Animation,Totoy kids - Portugu�,206,Brazil,Film,5673,24
377,Jake Paul,20400000,7311322368,People & Blogs,Jake Paul,1006,United States,People,778,19
378,Linkin Park,20400000,13397000296,Music,linkinpark,0,Afghanistan,Games,4057944,7136
379,Vijay Television,20400000,29406206620,Entertainment,Vijay Television,51515,India,Entertainment,43,100
380,SlivkiShow,20400000,4707412332,Entertainment,SlivkiShow,462,Ukraine,Entertainment,1489,100
381,Emiway Bantai,20400000,3579555124,Music,Emiway Bantai,239,India,Music,2236,94
382,Got Talent Global,20300000,2441288701,Entertainment,Got Talent Global,1245,United Kingdom,Entertainment,3750,101
383,��������������� - Genevieve's Playhouse,20300000,11022391339,Education,��������������� - Genevieve's Playhouse,107,nan,Education,380,22
384,BabyBus - Cerita & Lagu Anak-anak,20300000,11819051552,Education,BabyBus - Cerita & Lagu Anak-anak,875,Indonesia,Education,332,22
385,Ami Rodriguez,20200000,2951914200,Entertainment,Ami Rodriguez,460,Colombia,Entertainment,2959,103
386,Noor Stars,20200000,2764127969,Comedy,Noor Stars,693,United Arab Emirates,Entertainment,3238,102
387,Family GamesTV,20200000,7066711323,Entertainment,FamilyGamesTV,0,nan,Games,4057944,7492
388,Kiddiestv Hindi - Nursery Rhymes & Kids Songs,20200000,7274150246,Education,Kiddiestv Hindi - Nursery Rhymes & Kids Songs,226,India,Education,780,23
389,dednahype,20200000,20919403720,Comedy,dednahype,1935,Latvia,Comedy,108,19
390,Marta and Rustam,20200000,19694265358,Comedy,Marta and Rustam,761,United States,Comedy,126,20
391,MiawAug,20200000,6098644584,Gaming,MiawAug,3713,Indonesia,Games,1023,27
392,CookieSwirlC,20100000,23353115850,Entertainment,CookieSwirlC,3774,United States,Games,86,28
393,Skrillex,20100000,6618524158,Music,Skrillex,241,United States,Music,905,95
394,AuthenticGames,20100000,8920141342,Gaming,AuthenticGames,4974,Brazil,Games,549,28
395,Robin Hood Gamer,20100000,10366850490,Entertainment,Homem Aranha player,0,nan,Games,4057944,7471
396,Pencilmation,20100000,11317309935,Film & Animation,Pencilmation,1481,United States,Entertainment,366,104
397,7clouds,20100000,14816075927,Music,7clouds,2384,United States,Music,227,95
398,5-Minute Crafts PLAY,20100000,6119294270,Howto & Style,5-Minute Crafts PLAY,5491,United States,Howto,1014,12
399,Marvel Entertainment,20100000,5634695322,Entertainment,MarvelEntertainment,1,United States,Film,4054962,4024
400,BuzzFeedVideo,20100000,17913237851,People & Blogs,BuzzFeedVideo,7737,United States,People,150,20
401,REACT,20000000,13154314376,Entertainment,REACT,4339,United States,Entertainment,281,104
402,Vevo,20000000,559765455,Music,Vevo,1527,United States,Music,22747,96
403,Gordon Ramsay,20000000,3875172235,Entertainment,Gordon Ramsay,1527,United Kingdom,Entertainment,2001,104
404,Pentatonix,20000000,6033295543,Music,pentatonix,1,Canada,Entertainment,4051673,6742
405,Green Gold TV - Official Channel,20000000,9715291883,Film & Animation,Green Gold TV - Official Channel,1476,India,Entertainment,473,104
406,Gusttavo Lima Oficial,19900000,13917423958,Music,Gusttavo Lima Oficial,416,Brazil,Music,258,97
407,HaerteTest,19800000,3234880084,Science & Technology,HaerteTest,1411,Germany,Tech,2583,6
408,Crafty Panda,19800000,5759442450,People & Blogs,Crafty Panda,760,United States,Entertainment,1120,105
409,SOMOY TV,19800000,12293479945,News & Politics,TIME NEWS,9930,United States,News,1291541,1555
410,JennaMarbles,19700000,1803249241,Comedy,JennaMarbles,250,United States,Comedy,5665,21
411,Troom Troom Es,19700000,7452667615,People & Blogs,Troom Troom Es,2912,nan,Howto,747,13
412,Official Pink Panther,19700000,10955619815,Film & Animation,OfficialPinkPanther,1,United States,Games,4052414,7494
413,Britain's Got Talent,19700000,11323617496,Entertainment,Britain's Got Talent,4225,United Kingdom,Entertainment,364,106
414,SCTV,19700000,9808676159,Entertainment,SCTV,267,United Kingdom,Music,2831648,4668
415,AS Gaming,19600000,2851024430,Gaming,ASGaming,17,United States,Games,3857915,7464
416,Sony AATH,19600000,13930021471,Shows,Sony AATH,18661,United States,Entertainment,257,106
417,tabii Urdu,19600000,8779729549,Entertainment,tabii Urdu,1306,Turkey,Entertainment,562,107
418,DaFuq!?Boom!,19600000,7906181776,Film & Animation,DaFuq!?Boom!,214,United States,Entertainment,656,106
419,Clash of Clans,19600000,3961318438,Gaming,Clash of Clans,674,United States,Games,1934,30
420,RKD Studios,19500000,5234251168,Entertainment,RKD Studios,847,India,Entertainment,1265,108
421,DLS News,19400000,2255542592,News & Politics,DLS News,4750,India,News,4178,8
422,JukiLop,19400000,1577859332,People & Blogs,JukiLop,85,Mexico,People,6674,22
423,etvteluguindia,19400000,23038014291,Entertainment,etvteluguindia,125974,India,Entertainment,88,109
424,FIFA,19400000,5529131886,Sports,FIFA,10728,Switzerland,Sports,1186,5
425,Manoj  parihar,19300000,264228052,nan,Manoj  parihar,335,India,Howto,48846,14
426,Vsauce,19300000,2897907132,Science & Technology,Vsauce,462,nan,Entertainment,3024,110
427,Unbox Therapy,19300000,4508184467,Science & Technology,Unbox Therapy,2175,nan,Tech,1596,7
428,shane,19200000,4329121104,People & Blogs,shane,570,United States,Comedy,1705,22
429,Sonotek,19200000,7590582024,Entertainment,Sonotek,8285,India,Music,724,98
430,Jimmy Kimmel Live,19100000,13124645973,Entertainment,Jimmy Kimmel Live,6526,United States,Comedy,283,23
431,TheOdd1sOut,19100000,4566120190,Comedy,TheOdd1sOut,139,United States,Comedy,1568,23
432,Goldmines Great Indian Comedy,19100000,5194942269,Film & Animation,Goldmines Great Indian Comedy,2948,nan,Film,1279,26
433,Lil Nas X,19100000,6339584661,Music,Lil Nas X,37,nan,Music,966,99
434,�������������� ����,19000000,4924054368,Education,�������������� ����,60,United States,Entertainment,1399,111
435,SUPER SLICK SLIME SAM,19000000,7229175322,Howto & Style,SUPER SLICK SLIME SAM,903,Mexico,Howto,786,111
436,Wow Kidz Action,19000000,8281724393,Film & Animation,Wow Kidz Action,1525,India,Entertainment,618,111
437,Turma da M��,19000000,13824277846,Film & Animation,Turma da M��,1154,Brazil,Film,260,27
438,Calvin Harris,19000000,16014044618,Music,Calvin Harris,79,United Kingdom,Music,191,99
439,KBS WORLD TV,19000000,15126092508,Entertainment,KBS WORLD TV,64496,South Korea,Entertainment,217,111
440,HiMan,18900000,2855519150,People & Blogs,HiMan,375,Russia,Entertainment,3094,112
441,Masha e o Urso,18900000,8301731337,Shows,Masha e o Urso,0,nan,nan,4057944,nan
442,Little Angel Espa���������,18900000,9813245108,Education,Little Angel Espa���������,719,Mexico,Education,459,24
443,TED-Ed,18800000,3654621568,Education,TED-Ed,2072,United States,Education,2163,25
444,Sidemen,18800000,5257834105,Entertainment,Sidemen,312,United Kingdom,Entertainment,1263,113
445,Cardi B,18800000,7634430188,People & Blogs,Cardi B,9,nan,nan,4054469,nan
446,Busy Fun Ltd,18800000,7762077012,nan,TG MAYANK YT,2,nan,nan,4057882,nan
447,Farruko,18800000,9573641299,Music,Farruko,217,United States,Music,485,100
448,����������������������,18800000,9594188708,Entertainment,����������������������,530,Ukraine,Entertainment,483,113
449,Triggered Insaan,18800000,3276891538,Comedy,Triggered Insaan,304,India,People,2508,24
450,CKN,18700000,12295637162,Entertainment,cKn,16,Spain,Music,3188353,5631
451,Ali-A,18700000,6148303268,Gaming,ali-a,2,nan,People,4053443,7729
452,Shemaroo Comedy,18600000,6047584292,Entertainment,Shemaroo Comedy,4487,India,Comedy,1033,24
453,Smile Family Spanish,18600000,7008250496,nan,Smile Family Spanish,457,United States,Entertainment,830,115
454,GRAMMY GOLD OFFICIAL,18600000,20196704276,Music,GRAMMY GOLD OFFICIAL,6287,Thailand,Music,121,101
455,�������� ���������� ���������� | Arab Games Network,18600000,8761255550,Gaming,�������� ���������� ���������� | Arab Games ���,6289,Saudi Arabia,Games,566,31
456,Dan-Sa / Daniel Saboya,18500000,2908120896,Music,Dan-Sa / Daniel Saboya,1329,Brazil,Music,45213,102
457,Marmok,18500000,3457618361,Gaming,Marmok,374,Russia,Games,2356,32
458,The ACE Family,18500000,4558380251,People & Blogs,The ACE Family,712,nan,People,1572,25
459,Like Nastya Vlog,18500000,8147575884,People & Blogs,Like Nastya Vlog,493,Russia,People,630,25
460,Willie Salim,18500000,4051072188,People & Blogs,Willie Salim,679,Indonesia,People,1868,25
461,PDK Films,18400000,4120324310,Entertainment,PDK Films,111,United States,Entertainment,1825,116
462,TheWillyrex,18400000,7038827526,Comedy,TheWillyrex,6943,Spain,Games,825,33
463,RsiamMusic : ��������,18400000,11544297793,Music,RsiamMusic : ��������,3159,Thailand,Music,346,103
464,Dhar Mann,18400000,11280732382,People & Blogs,Alejandro Basalo,0,nan,nan,4057944,nan
465,shakiraVEVO,18400000,25367126292,Music,shakiraVEVO,197,United States,Music,72,103
466,Naisa Alifia Yuriza (N.A.Y),18300000,1606834186,People & Blogs,Naisa Alifia Yuriza (N.A.Y),786,Indonesia,Entertainment,6502,117
467,Miley Cyrus,18300000,7760819588,Entertainment,Miley Cyrus,142,United States,Entertainment,696,117
468,IShowSpeed,18300000,1556003039,Gaming,IShowSpeed,1324,United States,Games,6734,33
469,Good Mythical Morning,18300000,8798044678,Entertainment,Goodmythicalmorning,0,nan,nan,3612215,nan
470,Bobby chourasiya,18200000,9937823152,People & Blogs,Bobby chourasiya,442,nan,People,452,27
471,INCR��,18200000,3213324455,People & Blogs,INCR��,6903,Brazil,Howto,2610,15
472,Jake Fellman,18100000,13378360425,Entertainment,Jake Fellman,420,United States,Entertainment,274,118
473,GEN HALILINTAR,18100000,3306242674,Entertainment,GEN HALILINTAR,1037,Indonesia,Entertainment,2498,119
474,SQUEEZIE,18100000,9983065083,Gaming,SQUEEZIE,1521,France,Entertainment,443,119
475,Blippi - Educational Videos for Kids,18100000,14857290259,Education,Blippi - Educational Videos for Kids,707,United States,Education,224,26
476,officialpsy,18100000,10703830496,Music,officialpsy,131,South Korea,Music,393,104
477,Ajay Sharma,18100000,12249828886,Entertainment,Ajay Sharma,0,nan,nan,4057944,nan
478,Manual do Mundo,18000000,3980991248,Howto & Style,Manual do Mundo,2470,Brazil,Tech,1922,8
479,How Ridiculous,18000000,9601137077,Sports,How Ridiculous,650,Australia,Sports,478,6
480,And TV,18000000,15412333005,Entertainment,ANDtv,45,United States,Entertainment,4012108,6667
481,Sebasti���,18000000,10463166404,News & Politics,Sebasti���,237,United States,Music,406,105
482,SonyMusicSouthVEVO,18000000,17921124985,Music,SonyMusicSouthVEVO,5692,United States,Music,148,104
483,TheGrefg,18000000,6404852037,Gaming,TheGrefg,3566,Spain,Games,950,34
484,BeatboxJCOP,18000000,8716982055,Film & Animation,BeatboxJCOP,748,nan,Entertainment,539,115
485,David Dobrik,17900000,7176572299,People & Blogs,David Dobrik,536,United States,People,801,28
486,KatieAngel,17900000,3841205465,People & Blogs,KatieAngel,982,United States,Music,2014,106
487,RobleisIUTU,17900000,5168721499,Entertainment,RobleisIUTU,1344,Argentina,Games,1294,35
488,Lele Pons,17900000,5244917119,Comedy,Lele Pons,185,United States,Entertainment,1264,121
489,Demi Lovato,17900000,6888074944,Music,Demi Lovato,314,United States,Music,858,106
490,Like Nastya VNM,17900000,9867515979,Entertainment,Like Nastya VNM,602,Vietnam,Entertainment,455,121
491,Jason Derulo,17900000,9887116267,Music,Jason Derulo,830,United States,Music,446,105
492,MGC Playhouse,17900000,16174530046,Shows,MGC Playhouse,1426,United States,Education,187,27
493,Zuni and Family,17900000,6746269458,People & Blogs,zuni and family,2,nan,People,4057766,7733
494,Priyal Kukreja,17800000,11057945183,People & Blogs,Priyal Kukreja,772,India,People,378,29
495,MSA previously My Story Animated,17800000,8588704539,Film & Animation,MSA Previously My Story Animated,26,United States,People,3976090,4978
496,��������� KIMPRO,17700000,19206701832,nan,��������� KIMPRO,1646,South Korea,People,125,26
497,Jane ASMR ��,17700000,7387621644,nan,Jane ASMR ��,1888,South Korea,People,762,30
498,ArianaGrandeVevo,17700000,20115544708,Music,ArianaGrandeVevo,178,United States,Music,122,108
499,jaanvi patel,17700000,7912733203,People & Blogs,jaanvi patel,512,India,People,671,30
500,tanboy kun,17700000,3647267655,People & Blogs,tanboy kun,739,Indonesia,Entertainment,2169,122
501,Lil Pump,17700000,4196061192,Music,Lil Pump,60,nan,Music,1785,108
502,Porta dos Fundos,17700000,7739048000,Entertainment,Porta dos Fundos,2240,Brazil,Entertainment,705,123
503,News 24,17700000,8396875537,News & Politics,24 ����,211620,Ukraine,News,880,112
504,Les' Copaque Production,17700000,9059696049,Film & Animation,Les' Copaque Production,1716,Malaysia,Entertainment,531,123
505,El Payaso Plim Plim,17700000,17247584185,Film & Animation,El Payaso Plim Plim,1316,Argentina,Music,162,107
506,zbing z.,17600000,9269174070,Gaming,zbing z.,3151,Thailand,Games,511,36
507,MissaSinfonia,17600000,2274007523,Comedy,MissaSinfonia,233,Mexico,Comedy,4139,25
508,��������� Liziqi,17600000,2977741577,Howto & Style,��������� Liziqi,128,China,Howto,2917,16
509,The Game Theorists,17600000,3752347262,Gaming,TheGameTheorists,0,Australia,nan,3612215,nan
510,DeGoBooM,17600000,6306204566,Gaming,DeGoBooM,4702,Chile,Games,973,36
511,JFlaMusic,17600000,3802280098,Music,JFlaMusic,326,South Korea,Music,2056,109
512,FactTechz,17500000,2238134438,Entertainment,FactTechz,709,India,Entertainment,4243,124
513,News18 India,17500000,7263619576,News & Politics,News18 India,182742,India,News,770,10
514,Fun For Kids TV - Hindi Rhymes,17500000,7612385622,Entertainment,Fun For Kids TV - Hindi Rhymes,149,India,Entertainment,723,124
515,IGN,17500000,16107116549,Gaming,IGN,156215,United States,Games,189,37
516,Aphmau,17400000,17763586483,Gaming,Aphmau,4411,United States,Games,152,37
517,AMARINTV : ������������,17400000,13043561912,Entertainment,AMARINTV : ������������,118448,Thailand,News,286,11
518,���������������� - Al-Remas,17400000,11144195464,Music,���������������� - Al-Remas,2133,Iraq,Music,371,110
519,Koray Zeynep,17400000,16560557488,People & Blogs,Koray Zeynep,2078,nan,People,173,31
520,Apple,17300000,1026425106,Science & Technology,Apple,180,United States,Tech,11274,9
521,Stubborn Facts,17300000,902225615,Film & Animation,Stubborn Facts,287,India,Entertainment,13315,125
522,Taarak Mehta Ka Ooltah Chashmah,17300000,11371738047,Entertainment,Taarak Mehta Ka Ooltah Chashmah,4778,India,Entertainment,356,125
523,HowToBasic,17300000,3684816159,Howto & Style,HowToBasic,582,Australia,Howto,2146,17
524,PopularMMOs,17200000,14573155899,Gaming,PopularMMOs,4685,nan,Games,240,38
525,Marques Brownlee,17200000,3606912471,Science & Technology,Marques Brownlee,1567,United States,Tech,2196,10
526,Anitta,17200000,7337212581,Music,Anitta,138,Brazil,Music,769,111
527,Jason Vlogs,17200000,8903647480,Education,Jason Oo,83,Australia,People,4031958,7408
528,El Reino a Jugar,17200000,11445492404,Education,El Reino a Jugar,1007,Argentina,Education,353,28
529,Willyrex,17200000,5024088947,Gaming,Willyrex,7550,Spain,Games,1359,38
530,TheBrianMaps,17100000,4448334716,Comedy,TheBrianMaps,498,Russia,Entertainment,1624,126
531,TRANS TV Official,17100000,9710962528,Entertainment,TRANS TV Official,148225,Indonesia,Entertainment,472,127
532,Liza Koshy,17100000,2173106162,Comedy,Liza Koshy,142,United States,Entertainment,4443,127
533,Queen Official,17000000,10847948832,Music,Queen Official,1015,United Kingdom,Music,385,112
534,Prajapati News,17000000,1001465469,Comedy,Prajapati News,1407,India,Entertainment,11662,128
535,Gaby and Alex,17000000,8229883114,Entertainment,gabyandalex,1,nan,People,4057752,7732
536,LuisFonsiVEVO,17000000,14543594822,Music,LuisFonsiVEVO,97,United States,Music,241,112
537,Pop Chartbusters,16900000,8684010451,Music,Pop Chartbusters,2235,India,Music,574,113
538,Guava Juice,16900000,9111000228,Gaming,Guava Juice,1910,United States,Entertainment,527,129
539,EeOneGuy,16900000,3827906874,Entertainment,EeOneGuy,366,United States,Entertainment,2039,129
540,VICE,16900000,4609753237,Entertainment,VICE,3900,United States,Entertainment,1543,129
541,Aayu and Pihu Show,16900000,9270331567,Comedy,Aayu and Pihu Show,441,India,People,510,34
542,Danny Fitt,16900000,9544277833,People & Blogs,Danny Fitt,2337,United States,Entertainment,488,129
543,Bispo Bruno Leonardo,16900000,3523578665,Nonprofits & Activism,Bispo Bruno Leonardo,4891,Brazil,Nonprofit,2307,2
544,DeToxoMoroxo,16800000,2315962318,Entertainment,de toxomoroxo,1,nan,Music,4056488,5767
545,Doggy Doggy Cartoons,16800000,6518418501,Entertainment,Doggy Doggy Cartoons,0,nan,nan,4057944,nan
546,deepesh zo,16800000,7206462713,People & Blogs,deepesh zo,41,nan,People,4038822,7611
547,Like Nastya IDN,16800000,7195314800,Entertainment,Like Nastya IDN,502,Indonesia,Entertainment,795,130
548,Gato Galactico | GAL��,16800000,3693798804,Film & Animation,Gato Galactico | GAL��,1491,Brazil,Entertainment,2129,130
549,Salman Noman,16700000,10393037902,Entertainment,salman Noman,3,nan,nan,4057674,nan
550,CoryxKenshin,16700000,7102965621,Gaming,CoryxKenshin,1693,United States,Games,814,39
551,With Kids[�����,16700000,8826138204,Entertainment,With Kids[�����,920,United States,Entertainment,559,130
552,Travis Scott,16700000,7979736581,Music,Travis Scott,13,United States,Music,564542,1751
553,Tu COSMOPOLIS,16700000,5089284369,People & Blogs,Tu COSMOPOLIS,8741,Mexico,People,1337,35
554,Ivana Alawi,16600000,1318442641,nan,Ivana Alawi,180,Philippines,People,8338,36
555,Werever2morro,16600000,2798273962,Entertainment,werever2morro,0,Mexico,Games,4057944,7462
556,IDEAS EN 5 MINUTOS,16600000,3696973456,Howto & Style,Ideas En 5 Minutos,216,Spain,nan,3108857,nan
557,NMF News,16600000,7435180827,News & Politics,NMF News,112261,India,News,749,12
558,SriBalajiMovies,16600000,9439857193,Entertainment,SriBalajiMovies,20102,India,Entertainment,497,132
559,Lahari Music - TSeries,16600000,11946217860,Music,Lahari Music - TSeries,8976,India,Music,326,115
560,Younes Zarou,16600000,15278668857,Entertainment,Younes Zarou,2200,Germany,Entertainment,213,131
561,Jordan Matter,16600000,5819508534,Entertainment,Jordan Matter,413,United States,Entertainment,1088,132
562,�������� ����������������������,16500000,2440934034,Entertainment,�������� ����������������������,421,United States,Entertainment,3778,133
563,FailArmy,16500000,3037260680,Comedy,FailArmy,438,United States,Entertainment,2766,133
564,BBC News Hindi,16500000,7043235131,News & Politics,BBC News Hindi,21243,India,News,821,13
565,FunFun Toy Doll TV,16500000,7406207930,Entertainment,FunFun Toy Doll TV,735,United States,Entertainment,757,133
566,Sandra Cires Art,16400000,3955426159,Howto & Style,Sandra Cires Art,1091,United States,Entertainment,1938,134
567,Kaykai Salaider,16400000,4434679706,Comedy,Kaykai Salaider,428,Thailand,Entertainment,1636,134
568,UFC - Ultimate Fighting Championship,16400000,7135820721,Sports,UFC - Ultimate Fighting Championship,14662,United States,Sports,806,7
569,Ch7HD,16400000,9463244435,Entertainment,Ch7HD,56203,Thailand,Entertainment,496,134
570,RCTI - LAYAR DRAMA INDONESIA,16400000,13478392540,Entertainment,RCTI - LAYAR DRAMA INDONESIA,1,nan,People,4057943,7724
571,Alfredo Larin,16400000,14431830557,Entertainment,Alfredo Larin,1,nan,Entertainment,4057780,6788
572,GMMTV OFFICIAL��,16400000,12844432341,Entertainment,GMMTV OFFICIAL��,23952,Thailand,Entertainment,294,134
573,Matt Stonie,16300000,3527627264,Entertainment,MattStonie,54,United States,Entertainment,283499,1836
574,Boyce Avenue,16300000,6578828147,Music,Boyce Avenue,490,United States,Music,913,117
575,Camila Cabello,16300000,6613422635,Music,Camila Cabello,80,United States,Music,906,117
576,Little Mix,16300000,7520242626,Music,Little Mix,278,United Kingdom,Music,740,117
577,SAM SMITH,16300000,10170264839,Music,SAM SMITH,230,United Kingdom,Entertainment,428,135
578,Pitbull,16300000,12475714382,Music,Pitbull,352,United States,Music,308,117
579,Bollywood Classics,16300000,7141825267,Entertainment,Bollywood Classics,1444,India,Music,804,116
580,Technoblade,16300000,1656452554,Gaming,Technoblade,989,United States,Games,6274,40
581,W2S,16300000,4768370464,Gaming,W2S,652,United Kingdom,Entertainment,1455,135
582,Jennifer Lopez,16200000,10227242833,Music,Jennifer Lopez,258,United States,Music,426,118
583,Kids Play,16200000,8091706232,Entertainment,Kids Play,593,United States,Entertainment,636,136
584,T3ddy,16200000,2990185467,Comedy,T3ddy,1930,Brazil,People,2898,38
585,JJ Olatunji,16200000,4076692623,Gaming,JJ Olatunji,1294,United Kingdom,Entertainment,1856,136
586,POPS Kids,16200000,9763592867,Music,POPS Kids,3943,Vietnam,Film,462,30
587,Thairath Online,16200000,14563841315,News & Politics,Thairath Online,244899,Thailand,News,238,14
588,LEGO,16200000,20522339099,Entertainment,LEGO,31889,Singapore,Entertainment,116,136
589,XO TEAM,16200000,14784781923,People & Blogs,XO TEAM Family,189,United States,People,153622,1495
590,AdMe,16200000,4488680903,Entertainment,Aday C�����,10,Spain,Music,4048675,5766
591,ExtraPolinesios,16200000,4813127504,People & Blogs,Extra polinesios,2,nan,People,3945744,7359
592,Dyland PROS,16100000,1517638132,Entertainment,Dyland PROS,2805,Indonesia,Games,6986,41
593,Live,16100000,0,nan,Live,0,nan,nan,4057944,nan
594,Vlad and Niki ARA,16100000,7399296005,nan,Vlad and Niki ARA,510,United States,Entertainment,759,137
595,Canal IN,16100000,2687443643,People & Blogs,Canal IN,723,Brazil,Entertainment,3338,137
596,TWICE,16100000,5055576881,Music,TWICE,1123,nan,Music,1343,119
597,Daily Dose Of Internet,16100000,6872702790,Entertainment,Daily Dose Of Internet,671,United States,Entertainment,851,136
598,FitDance,16100000,7126210721,Music,Fitdance Academy,41,France,Entertainment,4006012,6335
599,Panda Shorts,16100000,7155736006,nan,Panda Shorts,667,Sweden,Sports,792,8
600,Disney Junior,16100000,15812009296,Entertainment,Disney Junior,4045,United States,Entertainment,196,136
601,La Rosa de Guadalupe,16100000,9642146451,Entertainment,larosadeguadalupe,0,Mexico,Games,4057944,7472
602,sagar kalra (Shorts),16000000,6543629679,People & Blogs,sagar kalra (Shorts),453,nan,People,921,39
603,wifistudy,16000000,3018032423,Education,wifistudy by Unacademy,52144,India,Education,2855,30
604,Antrax,16000000,3029872908,Gaming,Antrax,687,Mexico,Games,2844,42
605,Enes Batur,16000000,9786595271,Gaming,enesbatur,0,nan,Games,4057944,7360
606,Totoy kids - Espa��,16000000,5997599089,Film & Animation,Totoy kids - Espa��,344,Mexico,Film,1048,31
607,����������,15900000,1845329502,People & Blogs,Kung Fu Padla,0,Russia,Games,4057944,5665
608,DopeLyrics,15900000,9962188084,Music,DopeLyrics,2035,United States,Music,444,120
609,jeffreestar,15900000,2609358468,Howto & Style,jeffreestar,433,United States,Howto,3474,20
610,Lyna,15900000,6534326412,Gaming,Lyna,4906,Argentina,Games,919,43
611,MK MUSIC,15900000,9198986881,Music,MK MUSIC,5105,Brazil,Music,516,120
612,Unspeakable,15900000,9052367553,Gaming,Unspeakable,796,United States,People,530,40
613,Camilo,15900000,6802382479,Music,Camilo,132,Colombia,Music,871,120
614,Dear Sir,15800000,1349288771,Education,Dear Sir,633,India,Education,8066,31
615,Narendra Modi,15800000,3392918989,News & Politics,Narendra Modi,20679,India,News,2406,15
616,Arif muhammad,15800000,4122634467,People & Blogs,Arif muhammad,542,Indonesia,Comedy,1816,26
617,Rotten Tomatoes Trailers,15800000,13116313599,Film & Animation,Rotten Tomatoes Trailers,10441,United States,Film,285,32
618,Volga Video,15700000,9787697838,Film & Animation,Volga Video,16874,India,Entertainment,463,139
619,DM - Desi Melodies,15700000,5914071870,Music,DM - Desi Melodies,79,India,Music,1071,121
620,MY FAMILY,15700000,6153495609,nan,My Family,150,Singapore,People,731590,3244
621,Team Films Bhojpuri,15700000,6626563508,Music,Team Films Bhojpuri,19703,India,Music,902,121
622,Zee Music Classic,15700000,5558051295,Music,Zee Music Classic,1640,India,Music,1174,121
623,Prime Video India,15700000,8696631898,Entertainment,Prime Video India,7090,United States,Entertainment,569,139
624,Caeli YT,15600000,1511794214,Entertainment,Caeli YT,483,Mexico,Entertainment,7440,140
625,Kuplinov ���,15600000,6862529416,Gaming,Kuplinov ���,6623,nan,Games,863,44
626,Linus Tech Tips,15600000,7172386509,Science & Technology,Linus Tech Tips,6542,Canada,Tech,802,11
627,Juliana Baltar,15600000,3869457097,Entertainment,Juliana Baltar,2019,Brazil,Entertainment,2002,140
628,5-Minute Crafts FAMILY,15600000,6165757696,People & Blogs,5-Minute Crafts FAMILY,4245,United States,Howto,1005,21
629,Blippi Espa��,15500000,8984089026,People & Blogs,Blippi Espa��,598,Mexico,Education,538,32
630,Super Senya,15500000,5070970714,Entertainment,Super Senya,0,nan,nan,4057944,nan
631,Katakit Baby TV,15500000,6386271870,Music,Katakit Baby TV,220,Saudi Arabia,Music,954,122
632,Infobells Bangla,15500000,7776706184,Education,Infobells Bangla,359,India,Education,687,32
633,�������� �� ��������,15500000,8265129639,Shows,�������� �� ��������,1021,Saudi Arabia,Film,619,33
634,Henrique e Juliano,15500000,14619523361,Music,Henrique e Juliano,325,Brazil,Music,236,123
635,Mr DegrEE,15500000,12880388253,Science & Technology,MrDegree,0,United States,Entertainment,4057944,4453
636,Kashvi Adlakha,15500000,12714141740,Entertainment,Kashvi Adlakha,1525,India,Entertainment,300,141
637,Talking Tom & Friends,15500000,6396049701,Entertainment,Talking Tom & Friends,417,United States,Film,956,34
638,�������� �������������� ���� 5 ����������,15500000,4499826716,Howto & Style,�������� �������������� ���� 5 ����������,5183,Egypt,Howto,1597,22
639,Harsh Beniwal,15400000,1781226000,Comedy,Harsh Beniwal,165,India,Comedy,5724,27
640,FFUNTV,15400000,11513738907,Gaming,FFUNTV,379,United Arab Emirates,Entertainment,349,141
641,Mobile Legends: Bang Bang,15400000,1543608082,Gaming,Mobile Legends: Bang Bang,1647,United States,Games,6793,45
642,Roman Atwood Vlogs,15400000,5469103954,People & Blogs,Roman Atwood Vlogs,1756,United States,People,1201,42
643,Mrwhosetheboss,15400000,3736069980,Science & Technology,Mrwhosetheboss,1577,United Kingdom,Tech,2083,12
644,Genierock,15400000,14564170905,Music,Genierock,1725,Thailand,Music,239,124
645,zayn,15400000,4909687948,Music,zayn,21,United States,Music,1401,124
646,Kerajinan 5-Menit,15400000,4750420071,People & Blogs,Kerajinan 5-Menit,4186,Indonesia,Howto,1461,23
647,FC Barcelona,15300000,2656528205,Sports,FC Barcelona,10988,Spain,Sports,3356,9
648,Dave and Ava - Nursery Rhymes and Baby Songs,15300000,10714145606,Education,Dave and Ava - Nursery Rhymes and Baby Songs,851,United States,Education,390,33
649,LOKESH GAMER,15300000,1640078055,Gaming,LOKESH GAMER,1397,India,Games,6356,46
650,ILYA BORZOV,15300000,9938811455,People & Blogs,ILYA BORZOV,2175,Russia,People,441,42
651,Mazhavil Manorama,15300000,16545966132,Entertainment,Mazhavil Manorama,87864,India,Entertainment,175,142
652,Pok���������,15200000,857725714,People & Blogs,Pok���������,194,India,Film,13929,35
653,The MriDul,15200000,4503880875,Comedy,The MriDul,106,India,Comedy,1593,28
654,Niana Guerrero,15200000,1491452935,Entertainment,Niana Guerrero,443,Philippines,Entertainment,7153,144
655,SRK MUSIC,15200000,6391679636,Music,SRK MUSIC,5056,India,Music,955,126
656,Sony LIV,15200000,7151683497,Entertainment,Sony LIV,11099,India,Entertainment,794,144
657,T-Series Hamaar Bhojpuri,15200000,7564652648,Entertainment,T-Series Hamaar Bhojpuri,9862,India,Music,728,125
658,Oyuncak Av�,15200000,8333387785,Entertainment,Oyuncak Av�,654,Turkey,Entertainment,615,144
659,CNN,15200000,14198154095,News & Politics,CNN,160405,United States,News,247,16
660,NDTV India,15200000,6624168155,News & Politics,NDTV India,91704,India,News,900,16
661,It's Mamix,15100000,1777072487,People & Blogs,It's Mamix,210,United States,People,5778,44
662,Kim Loaiza,15100000,1576633086,Music,Kim Loaiza,18,nan,Music,6655,127
663,Daftar Populer,15100000,2143140898,Education,Daftar Populer,3810,Indonesia,Entertainment,4520,144
664,Musas,15100000,2400037562,Howto & Style,Jordi Sala,159,Andorra,People,3889418,7615
665,Ranz Kyle,15100000,1760131384,People & Blogs,Ranz Kyle,533,Philippines,Entertainment,5849,145
666,PowerfulJRE,15100000,3060202847,People & Blogs,PowerfulJRE,1037,United States,People,2796,43
667,Mariale,15100000,2761547758,Howto & Style,Mariale,2618,United States,Entertainment,3241,145
668,Makiman131,15100000,4236036141,Gaming,Makiman131,2997,Spain,Entertainment,1760,145
669,Hongyu ASMR ��,15100000,4967784343,People & Blogs,Hongyu ASMR ���,1,nan,People,4057925,7694
670,Mohamed Ramadan I �������,15100000,5324913850,People & Blogs,Mohamed Ramadan I �������,753,Egypt,Entertainment,1242,145
671,EdisonPts,15100000,6668507856,Gaming,EdisonPts,3733,Russia,Games,894,47
672,BIGBANG,15100000,7857371770,Music,BIGBANG,776,South Korea,Music,680,127
673,Rub������,15100000,9477021288,Comedy,Rub������,921,Argentina,Comedy,491,28
674,ABS-CBN News,15100000,10489367372,News & Politics,ABS-CBN News,209520,Philippines,News,404,17
675,Chapitosiki,15100000,13897932103,Entertainment,Chapitosiki,2717,Russia,Entertainment,256,143
676,AdeleVEVO,15100000,12413869881,Music,AdeleVEVO,52,United Kingdom,Music,309,127
677,MoreAliA,15000000,4352427049,Gaming,MoreAliA,2324,United Kingdom,Games,1663,47
678,Chetan Monga Vlogs,15000000,9924103188,People & Blogs,Chetan Monga Vlogs,899,India,People,457,45
679,Little Angel - M����������,15000000,8897705695,Entertainment,Little Angel - M�����������,795,Brazil,Education,548,34
680,League of Legends,15000000,7159750970,Gaming,League of Legends,1362,United States,Games,805,48
681,TheRichest,15000000,2730879024,Education,Therichest,0,United States,Games,4057944,7445
682,XpressTV,15000000,4008801873,Entertainment,XpressTV,724,Mexico,Entertainment,1907,146
683,PlayStation,15000000,4741434420,Gaming,PlayStation,20292,United States,Games,1469,48
684,Kwebbelkop,15000000,6889304306,Gaming,Kwebbelkop,5198,United States,Film,857,37
685,Republic Bharat,15000000,7536093065,News & Politics,Gyani Beast,206,India,News,1145576,1992
686,THE BROWN SIBLINGS,15000000,8658553456,Entertainment,THE BROWN SIBLINGS,965,India,Entertainment,577,145
687,Sony Music South,15000000,9978734160,Music,Sony Music South,2726,India,Music,439,127
688,BigSchool,15000000,9996133066,Gaming,Big School,68,nan,Film,4056600,5289
689,Ray William Johnson,15000000,10239836582,Entertainment,Ray William Johnson,1803,United States,Comedy,423,29
690,KOMPASTV,15000000,11827310821,News & Politics,KOMPASTV,269050,Indonesia,News,331,17
691,ISSEI / ����,15000000,13562853889,Comedy,ISSEI / ����,1788,Japan,Comedy,277,29
692,Z�������,15000000,11506702632,Music,Z�������,340,Brazil,Music,347,128
693,A2 Motivation by Arvind Arora,15000000,8932038210,Entertainment,A2 Motivation by Arvind Arora,3168,India,Entertainment,544,146
694,50 Cent,14900000,10069000444,Music,50 Cent,419,United States,Music,435,129
695,MNCTV OFFICIAL,14900000,8074260978,Entertainment,MNCTV OFFICIAL,66362,Indonesia,Entertainment,639,146
696,ERB,14900000,4033400167,Entertainment,ERB,86,United States,Entertainment,1886,147
697,melanie martinez,14900000,4395184343,Music,melanie martinez,127,United States,Music,1656,129
698,iTownGamePlay *Terror&Diversi��,14900000,4977284539,Entertainment,iTownGamePlay *Terror&Diversi��,8420,Spain,Games,1377,49
699,������������8 : Thai Ch8,14900000,5549770244,Entertainment,������������8 : Thai Ch8,27944,Thailand,Entertainment,1181,147
700,ZutiGang,14900000,15913320995,People & Blogs,ZutiGang,1363,nan,People,192,45
701,������,14900000,439098,People & Blogs,������,1,Russia,News,3609784,19
702,TazerCraft,14900000,5956193599,Gaming,TazerCraft,4175,Brazil,Games,1066,49
703,Bayashi TV,14900000,8615618825,Entertainment,������������������BAYASHITV,93,Japan,Autos,3468229,3271
704,Fueled By Ramen,14800000,13356517783,Music,Fueled By Ramen,1210,United States,Entertainment,276,148
705,CrashCourse,14800000,1833519700,Education,CrashCourse,1481,United States,Education,5533,35
706,MattyBRaps,14800000,3587576784,Music,MattyBRaps,195,United States,Music,2226,130
707,Lachlan,14800000,5269059435,Gaming,Lachlan,3834,Australia,Games,1253,50
708,�������� ��������,14800000,7018015062,Howto & Style,�������� ��������,2387,Ukraine,Howto,828,25
709,Meghan Trainor,14800000,8649303688,People & Blogs,Meghan Trainor,233,United States,Music,580,130
710,Jorge & Mateus Oficial,14800000,9076642765,Music,Jorge & Mateus Oficial,318,Brazil,Music,529,130
711,Major Lazer Official,14800000,9383431376,Music,MajorLazerOfficial,0,nan,nan,4057944,nan
712,Beast Philanthropy,14800000,272678287,People & Blogs,Beast Philanthropy,34,Germany,Games,3968552,4443
713,Filaretiki,14800000,15788208522,nan,Filaretiki,2222,United States,People,195,46
714,5-Minute Crafts Recycle,14800000,8866012877,People & Blogs,5-Minute Crafts Recycle,3867,United States,Howto,554,25
715,���������� ������������,14700000,2230986039,Entertainment,���������� ������������,1385,Saudi Arabia,Entertainment,4276,149
716,Maha Fun Tv,14700000,1321380490,Entertainment,Maha Fun Tv,85,United States,Entertainment,8317,149
717,Canal Nostalgia,14700000,1506796393,Entertainment,Canal Nostalgia TV,554,Spain,Entertainment,325721,2275
718,The Slow Mo Guys,14700000,2465473772,Entertainment,The Slow Mo Guys,317,United States,Education,3746,36
719,StudyIQ IAS,14700000,4029253667,Education,StudyIQ IAS,43564,India,Education,1879,36
720,Chad Wild Clay,14700000,6751985988,Comedy,Chad Wild Clay,698,United States,Entertainment,885,149
721,CollegeHumor,14700000,7255848125,Comedy,CollegeHumor,4340,United States,Comedy,798,30
722,Netflix Jr.,14700000,8882319696,Education,Netflix Jr.,1996,United States,Education,552,36
723,Colors Rishtey,14700000,12362331529,Entertainment,Colors Rishtey,23490,India,Entertainment,310,148
724,ABC News,14700000,12961669452,News & Politics,ABC News,80830,United States,News,289,18
725,Camila Loures,14700000,4684983333,Music,Camila Loures,3978,Brazil,Entertainment,1501,149
726,Doc Tops,14600000,2613197447,Entertainment,Doc Tops,490,Ecuador,Entertainment,3458,150
727,Auron,14600000,3337074920,People & Blogs,Auron,961,Spain,Games,2455,51
728,Jesser,14600000,3603556207,Gaming,Jesser,1244,United States,Entertainment,2223,150
729,Planeta das G��,14600000,4622581344,People & Blogs,Planeta das G��,951,Brazil,Entertainment,1534,150
730,PrestonPlayz,14600000,5766647017,Gaming,Preston,4009,United States,Entertainment,621,72
731,Martin Garrix,14600000,6017932195,Music,Martin Garrix,365,United States,Music,1044,131
732,O Reino Infantil,14600000,11182302317,Music,O Reino Infantil,1206,Brazil,Music,369,131
733,Fifth Harmony,14600000,7952268926,Music,Fifth Harmony,67,United States,Music,659,131
734,Mis Pastelitos,14600000,2750902766,Howto & Style,Mis Pastelitos,603,Mexico,Music,3248,131
735,Noman Official,14600000,5525773746,Comedy,Noman Official,560,India,Film,1185,38
736,LEGENDA FUNK,14500000,2440718089,Music,LegendaFUNK,0,Brazil,Music,,nan
737,Like Nastya Stories,14500000,6944967581,Entertainment,Like Nastya Stories,479,United States,Entertainment,848,151
738,les boys tv2,14500000,4577292740,Entertainment,les boys tv2,453,United States,Film,1565,39
739,Lotus Music,14500000,1739129375,nan,Lotus Music,514,India,Tech,5926,13
740,IDEIAS INCR��,14500000,3551889957,Howto & Style,IDEIAS INCR��,5430,Brazil,Howto,2269,26
741,Reaction Time,14500000,4260187928,Entertainment,Reaction Time,1717,United States,Entertainment,1747,151
742,BBC News,14500000,4598387043,News & Politics,BBC News,18972,United Kingdom,News,1548,19
743,Eli Kids - Cartoons & Songs,14500000,4821183481,nan,Eli Kids - Cartoons & Songs,605,United States,Music,1423,132
744,Boram Tube ToysReview [���������,14500000,5014888374,People & Blogs,Boram Tube ToysReview [���������,618,South Korea,People,1364,47
745,Aadishakti Films,14500000,6290721701,Music,Aadishakti Films,4790,India,Music,981,132
746,Telemundo,14500000,8582696157,Entertainment,Telemundo,19201,United States,Entertainment,592,151
747,GMM25Thailand,14500000,9383692066,Entertainment,GMM25Thailand,68606,Thailand,Entertainment,502,151
748,TV9 Bharatvarsh,14500000,10303519926,People & Blogs,TV9 Bharatvarsh,293516,India,News,414,18
749,Maroon5VEVO,14500000,20042571499,Music,Maroon5VEVO,147,United States,Music,123,132
750,Saad Lamjarred | ������,14500000,4315486422,Music,Saad Lamjarred | ������,176,Morocco,Music,1710,132
751,Hear This Music,14500000,9201428420,Music,Hear This Music,39,nan,Music,518,132
752,Lilly Singh,14500000,3517662420,Comedy,Lilly Singh,1064,Canada,Comedy,2297,31
753,���������������������,14400000,600154268,Entertainment,���������������������,364,South Korea,Entertainment,21132,151
754,Gyan Gaming�,14400000,2224121890,Gaming,Gyan Gaming�,3086,India,Games,4292,52
755,Drawblogs,14400000,1629801448,Entertainment,Drawblogs,399,Peru,Entertainment,6402,152
756,NOBRU,14400000,351763324,Gaming,nobru,2,nan,People,4057274,7596
757,������������ ������������ I ������ �� ����������,14400000,2972474215,Entertainment,������������ ������������ I ������ �� ���������,381,Saudi Arabia,Entertainment,2934,152
758,Cyprien,14400000,3086254545,Comedy,Cyprien,222,France,Comedy,2767,32
759,Rclbeauty101,14400000,3900312631,Comedy,Rclbeauty101,463,United States,Entertainment,1986,152
760,Coke Studio,14400000,4035738731,Music,Rohail Hyatt,450,United States,Music,23796,836
761,Indore Physical Academy,14400000,4156427797,People & Blogs,Indore Physical Academy,1838,India,People,1793,47
762,Rosanna Pansino,14400000,4597228794,Howto & Style,Rosanna Pansino,1248,United States,Howto,1552,27
763,Harry Styles,14400000,5689224452,People & Blogs,harrystyles,0,United States,Games,4037956,7340
764,Vlad and Niki PRT,14400000,6543282459,nan,Vlad and Niki PRT,516,United States,Entertainment,918,152
765,RS 1313 SHORTS,14400000,8011977288,Entertainment,RS 1313 SHORTS,5628,India,Entertainment,647,152
766,Zig & Sharko,14400000,9023952946,Film & Animation,Zig & Sharko,978,nan,Film,534,39
767,SelenaGomezVEVO,14400000,11423792969,Music,SelenaGomezVEVO,186,United States,Music,354,133
768,ZEE5,14400000,18515587421,Entertainment,ZEE5,101401,India,Entertainment,142,152
769,Super Polina,14300000,4776507159,People & Blogs,Super Polina,576,United States,Entertainment,1452,153
770,Rebecca Zamolo,14300000,6388439235,Comedy,RebeccaZamolo,1,United States,Entertainment,4054606,5464
771,Wish 107.5,14200000,6048517979,Music,Wish 107.5,1823,Philippines,Music,1036,134
772,Invento na Hora,14200000,4040297006,Film & Animation,Invento na Hora,1281,Brazil,Entertainment,1877,154
773,SIS vs BRO,14200000,6973932553,Entertainment,SiS,60,Ukraine,Entertainment,3739171,4686
774,NikkieTutorials,14200000,1778318927,Howto & Style,NikkieTutorials,876,Netherlands,Entertainment,5764,154
775,TommyInnit,14200000,2084791147,Gaming,TommyInnit,342,United Kingdom,Games,4696,55
776,E-MasterSensei,14200000,3920559552,Gaming,E-MasterSensei,1300,Mexico,Games,1971,54
777,infobells - Kannada,14200000,6554000320,Education,infobells - Kannada,433,India,Education,912,37
778,Crazy Frog,14200000,7946322061,Music,CrazyFrog,0,nan,Games,4057944,7453
779,The Dodo,14200000,9964116817,Pets & Animals,Dorukhan G���,8,nan,nan,4050736,nan
780,SEVENGERS,14200000,10238593147,Comedy,SEVENGERS,872,India,Comedy,422,33
781,Zee Bangla,14200000,11428794827,Entertainment,Zee Bangla,132398,India,Entertainment,352,153
782,DangMattSmith,14200000,3317805543,Entertainment,DangMattSmith,1724,United States,Entertainment,2485,154
783,Neha Kakkar,14100000,2131548711,Music,Neha Kakkar,149,India,Music,4624,134
784,#Refugio Mental,14100000,3594936775,Entertainment,#Refugio Mental,846,nan,Entertainment,2218,155
785,�������������������� ��������������������,14100000,3920221322,Entertainment,�������������������� ��������������������,65,nan,nan,3999155,nan
786,Trap City,14100000,5129529846,Music,TrapCity,3,Australia,People,4032620,7629
787,Supercar Blondie,14100000,5405563355,Autos & Vehicles,Supercar Blondie,855,United Arab Emirates,Autos,1202,1
788,Yudist Ardhana,14100000,6036496916,Entertainment,Yudist Ardhana,2854,Indonesia,Entertainment,1029,154
789,Lana Del Rey,14100000,6884215292,Music,Lana Del Rey,43,United States,Music,856,135
790,MalumaVEVO,14100000,19013942981,Music,MalumaVEVO,182,United States,Music,138,135
791,F2Freestylers - Ultimate Soccer Skills Channel,14100000,3280481927,Sports,F2Freestylers - Ultimate Soccer Skills Chann�,777,United Kingdom,Sports,2530,10
792,Bie The Ska,14100000,4627069704,Entertainment,Bie The Ska,1540,Thailand,Entertainment,1531,155
793,AM3NlC,14000000,4959982720,Gaming,AM3NlC,5757,Brazil,People,1392,49
794,Narins Beauty,14000000,2214167846,Howto & Style,Narins Beauty,431,Sweden,Entertainment,4325,156
795,TV Ana Emilia,14000000,4674164601,People & Blogs,TV Ana Emilia,651,Mexico,Entertainment,1504,156
796,������������,14000000,7719743112,Gaming,������������,2210,Russia,Games,703,56
797,Luli Pamp�,14000000,8623705301,Music,Luli Pamp�,294,Spain,Music,579,136
798,Gallina Pintadita,14000000,9660950823,Music,Gallina Pintadita,62,Mexico,Film,477,40
799,ViralHog,14000000,18917687143,People & Blogs,ViralHog,41117,United States,Animals,136,3
800,ETV Jabardasth,14000000,13542939513,People & Blogs,ETV Jabardasth,9652,India,Comedy,268,34
801,Zee Telugu,14000000,12597067132,Entertainment,zeetelugu,3,India,Music,4039216,4603
802,Crescendo com Luluca,14000000,5094050461,Entertainment,Crescendo com Luluca,1307,Brazil,People,1327,48
803,Jazzghost,13900000,5673347763,Gaming,Jazzghost,5494,Brazil,Games,1140,57
804,karameeshchannel,13900000,9106781518,Entertainment,karameeshchannel,2254,Jordan,Music,526,137
805,Darkar Company Studios,13900000,2244318380,Film & Animation,Darkar Company Studios,183,United States,Comedy,4234,35
806,Dental Digest,13900000,7450345720,People & Blogs,Dental Digest,324,nan,People,745,50
807,T-Series Regional,13900000,5217553897,Entertainment,T-Series Regional,15075,India,Music,1275,136
808,ADEL et SAMI,13900000,5465532801,Entertainment,ADEL et SAMI,503,United States,Entertainment,1200,157
809,Jamuna TV,13900000,12129583055,News & Politics,jamuna tv24,6,Bangladesh,Entertainment,4056658,6756
810,Atlantic Records,13900000,12513842343,Music,Atlantic Records,1660,United States,Music,307,137
811,�������� �� ������������,13900000,8451754769,nan,�������� �� ������������,504,United States,People,600,50
812,Veritasium,13900000,2165885634,Education,Veritasium,369,United States,Education,4466,38
813,Alexa Rivera,13900000,3193226072,Howto & Style,Alexa Rivera,288,nan,Entertainment,2613,157
814,Airrack,13800000,2224911030,Entertainment,Airrack,173,United States,Entertainment,4285,157
815,Hacksmith Industries,13800000,1820559912,Science & Technology,Hacksmith Industries,887,Canada,Tech,5524,14
816,JD Pantoja,13800000,1493776391,People & Blogs,JD Pantoja,16,nan,Music,7134,138
817,��������/Atro,13800000,2480957682,Gaming,��������/Atro,1952,Netherlands,Games,3690,58
818,123 GO! Spanish,13800000,5019136690,People & Blogs,123 GO! Spanish,520,Mexico,Howto,1361,28
819,Geo News,13800000,5727888539,News & Politics,Geo News,190093,Pakistan,News,1127,21
820,Kids TV India Hindi Nursery Rhymes,13800000,6646953396,Shows,Kids TV India Hindi Nursery Rhymes,1505,India,Education,898,38
821,Think Music India,13800000,11039343563,Music,Think Music India,4978,India,Music,374,137
822,O Que N������,13700000,1967930734,Comedy,O Que N������,696,Brazil,Entertainment,5035,159
823,Goldmines Premiere,13700000,1973638757,Entertainment,Goldmines Premiere,975,India,Film,5047,41
824,MAIKI021,13700000,1950178163,Entertainment,MAIKI021,3298,Brazil,Entertainment,5135,159
825,The Vishal bhatt,13700000,9596430464,Comedy,The Vishal bhatt,1040,India,Comedy,487,36
826,NishaMadhulika,13700000,2939201386,Howto & Style,NishaMadhulika,2158,India,Howto,2972,29
827,MyMissAnand,13700000,4963275018,People & Blogs,MyMissAnand,340,India,Entertainment,1387,159
828,FAPTV,13700000,5457203710,Comedy,FAPTV,863,Vietnam,Comedy,1205,36
829,Wesley Safad�,13700000,8134379376,Music,Wesley Safad�,438,Brazil,Music,631,139
830,infobells,13700000,5178142148,Education,infobells,495,India,Education,1289,39
831,Desi Gamers,13700000,2135195239,Gaming,Desi gamers,1,nan,Tech,4057849,4183
832,Acenix,13600000,2122062016,Gaming,Acenix,368,Spain,Games,4572,60
833,Zeinab Harake,13600000,896891351,nan,Zeinab Harake,273,Philippines,People,13437,51
834,DALLMYD,13600000,1948925559,Sports,DALLMYD,412,United States,Sports,5133,11
835,Lindsey Stirling,13600000,3764608356,Music,Lindsey Stirling,199,United States,Music,2084,139
836,JOJO TV - Hindi Stories,13600000,5141201173,Education,JOJO TV - Hindi Stories,1097,India,Film,1303,42
837,BBC,13600000,9685060624,Pets & Animals,BBC,16047,United Kingdom,Entertainment,474,160
838,Saturday Night Live,13600000,14717282742,Entertainment,Saturday Night Live,8335,United States,Comedy,232,37
839,BUDI01 GAMING,13500000,1181292450,Gaming,BUDI01 GAMING,319,Indonesia,Games,9540,61
840,Typical Gamer,13500000,4301581610,Gaming,Typical Gamer,4312,Canada,Games,1716,61
841,Anaysa,13500000,3445794123,Howto & Style,Anaysa,591,India,Howto,2364,30
842,JULIA GISELLA,13500000,5380132790,Entertainment,Julia Gisella,19,United Kingdom,Music,3767960,3189
843,Awakening Music,13500000,5545936485,Music,Awakening Music,814,United Kingdom,Music,1183,140
844,Lady Diana,13500000,8265920659,Entertainment,Lady Diana,1403,Ukraine,People,620,52
845,Sanjoy Das Official,13500000,3912334359,Entertainment,Sanjoy Das Official,1793,India,Games,1954,60
846,Woody & Kleiny,13500000,11717217293,Comedy,Woody & Kleiny,975,United Kingdom,Entertainment,333,160
847,Vijay Kumar Viner Vlogs,13500000,7958771872,Entertainment,Vijay Kumar Viner Vlogs,1357,India,Entertainment,663,162
848,Conor Maynard,13500000,2750993392,Music,Conor Maynard,321,United States,Music,3257,140
849,Wengie,13500000,1900272833,Howto & Style,Wengie,462,United States,Howto,5297,30
850,Vlad y Niki Show,13400000,4622628957,nan,Vlad y Niki Show,477,United States,Entertainment,1537,162
851,Codiscos,13400000,11789678655,Music,Codiscos,7356,Colombia,Music,330,140
852,The World Adventures ������,13400000,2139769210,People & Blogs,The World Adventures ������,1028,India,People,4540,53
853,Vibhu 96,13400000,20563378,nan,Vibhu 96,256,India,Education,342460,40
854,Blockbuster Movies,13400000,2650061211,Entertainment,Blockbuster Movies,0,India,nan,4057944,nan
855,ATHLEAN-X�,13400000,2319515787,Howto & Style,ATHLEAN-X�,1349,United States,Howto,4039,31
856,My Mate Nate,13400000,3363634923,Comedy,My Mate Nate,1195,Thailand,Entertainment,2436,162
857,H2ODelirious,13400000,4356686216,Gaming,H2ODelirious,3727,United States,Games,1683,62
858,GMA Integrated News,13400000,9569814790,News & Politics,GMA Integrated News,296272,Philippines,News,486,22
859,Peet Montzingo,13400000,10022557589,People & Blogs,Peet Montzingo,319,United States,People,433,52
860,The Q,13400000,4306212515,People & Blogs,Tom Duggan,96,United States,Sports,3846885,4466
861,Trakin Tech,13300000,2262690743,Science & Technology,Trakin Tech,3640,India,Tech,4152,16
862,theRadBrad,13300000,6050102764,Gaming,theRadBrad,8195,United States,Games,1038,63
863,Matt Steffanina,13300000,3299216601,Entertainment,Matt Steffanina,331,United States,Entertainment,14275,694
864,Stray Kids,13300000,3364230487,People & Blogs,straykids,3,nan,Comedy,4057875,4896
865,Kurt Hugo Schneider,13300000,3733856870,Entertainment,Kurt Hugo Schneider,698,United States,Entertainment,2110,163
866,Vogue,13300000,4177184071,Entertainment,Vogue,3166,United States,People,1789,54
867,������������������,13300000,6482687220,People & Blogs,������������������,608,Russia,Entertainment,927,163
868,Kids Line�������,13300000,9088562002,People & Blogs,Kids Line�������,2742,United States,Education,524,41
869,VexTrex,13300000,7923901253,Entertainment,VexTrex,2411,Ukraine,Entertainment,669,163
870,penguinz0,13300000,7773543609,Gaming,penguinz0,4613,United States,Entertainment,689,162
871,Just For Laughs Gags,13300000,7406628736,Comedy,Just For Laughs Gags,6916,United States,Comedy,764,38
872,Kabita's Kitchen,13300000,2831275503,Howto & Style,Kabita's Kitchen,1489,India,Howto,3123,32
873,BanderitaX,13300000,4129249415,Gaming,BanderitaX,1640,Saudi Arabia,Games,1818,63
874,AzzyLand,13300000,6412313570,Gaming,AzzyLand,1749,Canada,Entertainment,949,163
875,HUBA��,13200000,9884886099,Entertainment,HUBA��,538,United States,Entertainment,454,163
876,BIBO ������,13200000,1148422000,Entertainment,BIBO ������,192,Russia,Entertainment,9855,163
877,Brawl Stars,13200000,2036408398,Gaming,Brawl Stars,172,Finland,Games,4846,64
878,Ei Nerd,13200000,3568392223,Entertainment,Einerd,0,nan,Games,4057944,7399
879,Sonotek Bhakti,13200000,3789736218,Entertainment,Sonotek Bhakti,8019,India,Music,2063,142
880,Vilmei,13200000,4205664894,nan,Vilmei,1324,Indonesia,People,1786,55
881,MC Divertida,13200000,5224764969,Entertainment,MC Divertida,413,Brazil,Entertainment,1269,164
882,The Infographics Show,13200000,5263540904,Education,The Infographics Show,4279,United States,Education,1252,42
883,jbalvinVEVO,13200000,20743586601,Music,jbalvinVEVO,237,Colombia,Music,113,142
884,������TwinsFromRussia,13200000,9378175604,People & Blogs,������TwinsFromRussia,6888,United States,People,503,55
885,Technology Gyan,13200000,1138262456,Science & Technology,Technology Gyan,1022,India,Tech,9955,17
886,CookingShooking Hindi,13200000,1758603195,People & Blogs,CookingShooking Hindi,393,India,Howto,5855,33
887,Ryan Trahan,13100000,2182651464,Entertainment,Ryan Trahan,33,United States,People,4051001,7670
888,Alex Gonzaga Official,13100000,1401914513,People & Blogs,Alex Gonzaga Official,287,Philippines,People,7733,56
889,WiederDude,13100000,2733682792,nan,WiederDude,289,United States,Games,3275,65
890,Ian Boggs,13100000,9110348202,Entertainment,Ian Boggs,1327,nan,Entertainment,520,163
891,Lokdhun Punjabi,13100000,4712624489,Music,Lokdhun Punjabi,1262,India,Music,1484,143
892,Knowledge Tv ������,13100000,1936582704,People & Blogs,Knowledge Tv ������,7,nan,People,4054334,7714
893,Painzeiro,13100000,2555801802,People & Blogs,Painzeiro,1077,Brazil,People,3545,56
894,Peppa Pig em Portugu���������,13100000,4214172991,Film & Animation,Peppa Pig em Portugu���������,1365,Brazil,Film,1770,43
895,��������������� Ms Yeah,13100000,4399833602,People & Blogs,��������������� Ms Yeah,435,United States,Howto,1650,34
896,Hungria Hip Hop,13100000,4608751851,Music,Hungria Hip Hop,73,Brazil,Music,1541,143
897,RaptorGamer,13100000,2879263916,People & Blogs,RaptorGamer,1444,Ecuador,Games,3044,65
898,RedeTV,13100000,5333569294,Entertainment,RedeTV,36760,Brazil,Entertainment,1240,165
899,twenty one pilots,13100000,5264039679,Music,twenty one pilots,194,United States,Music,1255,143
900,DJ Khaled,13100000,6637820731,Music,DjKhaled,12,Samoa,Music,3967392,5659
901,Davie504,13000000,2683297849,Entertainment,Davie504,838,Italy,Entertainment,3340,166
902,Everson Zoio,13000000,1024467771,Comedy,Everson Zoio,625,Brazil,Entertainment,11340,166
903,Calon Sarjana,13000000,10664585,Entertainment,Calon Sarjana,29,Indonesia,Entertainment,772571,166
904,Lofi Girl,13000000,1698279553,Music,Lofi Girl,409,France,Music,6059,143
905,Jomy Production,13000000,5057163256,Entertainment,SRK Edie soon,8,India,nan,3686280,nan
906,GH'S,13000000,8739174649,Gaming,GH'S,510,South Korea,Games,553,65
907,JesseAndMike,13000000,9999238237,Entertainment,JesseAndMike,716,United States,Entertainment,440,166
908,Wolfoo Channel,13000000,301547793,nan,Wolfoo Channel,22,Pakistan,People,4035874,7638
909,Susy Mouriz,13000000,6270909026,Entertainment,Susy Mouriz,1299,Mexico,Entertainment,969,165
910,7 Minutoz,13000000,4349562794,Music,7 Minutoz,521,Brazil,Music,1692,144
911,The LaBrant Fam,13000000,4637474071,Comedy,The LaBrant Fam,612,United States,People,1557,57
912,Pastor Ant�����,12900000,2112274210,People & Blogs,Pastor Ant�����,4712,Brazil,People,4602,58
913,Matheus Yurley,12900000,140022442,Entertainment,Matheus Yurley,69,Brazil,Entertainment,93531,167
914,gymvirtual,12900000,2509752944,Sports,gymvirtual,1572,Spain,Sports,3645,12
915,BIBO�����,12900000,3178222797,Entertainment,BIBO�����,193,South Korea,Entertainment,2649,167
916,Top Viral Talent,12900000,3643698504,Entertainment,Top Viral Talent,1598,United States,Entertainment,2177,167
917,Akon,12900000,6300933122,Music,Akon,39,United States,Music,976,145
918,AlArabiya �����,12900000,7520379951,People & Blogs,AlArabiya �����,169304,United Arab Emirates,News,737,23
919,Rauw Alejandro,12900000,11504090820,Music,Rauw Alejandro,168,nan,Music,348,145
920,EnriqueIglesiasVEVO,12900000,15446707595,Music,EnriqueIglesiasVEVO,137,United States,Music,210,145
921,�������� ���� ��������������,12900000,5585085130,Shows,�������� ���� ��������������,1255,Ukraine,Entertainment,1164,166
922,The Shiny Peanut,12900000,2848466522,Education,The Shiny Peanut,2337,Indonesia,Entertainment,3109,167
923,Talking Angela,12800000,3632438963,Entertainment,Talking Angela,233,United Kingdom,Film,2184,45
924,Melon City Show - �����������,12800000,5863456698,Comedy,Melon City Show - ����������,1727,Iraq,Comedy,1087,40
925,Duo Tiempo De Sol,12800000,6662288136,Music,Duo Tiempo De Sol,323,Spain,Education,896,44
926,Troom Troom India,12800000,6804072897,Howto & Style,Troom Troom India,2385,nan,Howto,873,35
927,MrSuicideSheep,12800000,6970899521,Entertainment,MrSuicideSheep,3483,Canada,Entertainment,842,168
928,Adam W,12800000,9502983550,Comedy,Adam W,681,United States,Comedy,492,39
929,Right to Shiksha,12800000,7876740921,Education,Right to Shiksha,2044,India,Education,670,45
930,Beyonc��,12800000,14185611472,Music,Beyonc��,168,United States,Music,250,146
931,FACT FIRE KING,12700000,1159290255,nan,FACT FIRE KING,782,India,Games,9683,66
932,Ian Lucas,12700000,1450874545,Entertainment,Ian Lucas,50,nan,Entertainment,4052208,6682
933,Franco Escamilla,12700000,4266957149,Comedy,Franco Escamilla,2483,Mexico,Comedy,1740,41
934,Adexe & Nau,12700000,4579773883,Music,Adexe & Nau,594,Spain,Music,1563,147
935,Diana and Roma IND,12700000,5567832210,nan,Diana and Roma IND,534,United States,Entertainment,1173,169
936,Jass Records,12700000,5958994201,Music,JassRecords,1,nan,Music,4056853,5789
937,Future,12700000,9927699419,Music,Future AMV's,119,United States,Film,270216,1473
938,YoungBoy Never Broke Again,12700000,13174393401,Entertainment,YoungBoy Never Broke Again,142,United States,Music,279,147
939,Blossom,12700000,4733873025,Howto & Style,Blossom,812,United States,Howto,1472,36
940,#Ref����,12700000,2709954270,Entertainment,#Refugio Mental,846,nan,Entertainment,2218,155
941,Piuzinho,12700000,1081285962,Gaming,Piuzinho,504,Brazil,Games,10642,67
942,Heidi y Zidane,12700000,6001189018,nan,Heidi y Zidane,600,United States,People,1052,60
943,Go Ami Go!,12700000,1714955279,People & Blogs,Go Ami Go!,252,Colombia,People,5821,57
944,Morgz,12600000,3303595310,Gaming,Morgz,825,United Kingdom,Entertainment,2491,170
945,CaseyNeistat,12600000,3152402405,People & Blogs,CaseyNeistat,1101,United States,People,2681,61
946,���������SULGI,12600000,3485373675,People & Blogs,���������SULGI,683,South Korea,People,2313,61
947,NickiMinajAtVEVO,12600000,8831179714,Music,NickiMinajAtVEVO,99,United States,Music,557,148
948,Ellie Goulding,12600000,6969178081,Music,Ellie Goulding,218,United Kingdom,Music,841,148
949,colinfurze,12500000,1612094871,Entertainment,colinfurze,385,United Kingdom,Entertainment,6487,171
950,People Vs Food,12500000,1136534702,Entertainment,People Vs Food,601,United States,Entertainment,9980,171
951,Wolfoo Family,12500000,161254021,nan,Wolfoo Family,61,United States,Film,81750,46
952,Ja Mill,12500000,1302818088,People & Blogs,jamill,0,nan,nan,4048879,nan
953,Health Time,12500000,1002219689,Howto & Style,Health Time,1810,India,People,11667,62
954,Yair17,12500000,1402042328,Gaming,Yair17,1109,Mexico,Games,7741,68
955,Little Baby Bum en Espa��,12500000,6956320454,Education,Little Baby Bum en Espa��,1459,Spain,Education,843,46
956,First We Feast,12500000,2983799729,Howto & Style,First We Feast,1076,United States,Entertainment,2892,171
957,M����,12500000,3140883140,Travel & Events,M����,766,Mexico,Entertainment,2691,171
958,Bebefinn - Nursery Rhymes & Kids Songs,12500000,4163639093,nan,Bebefinn - Nursery Rhymes & Kids Songs,322,United States,Entertainment,1794,171
959,Troom Troom PT,12500000,4384177908,Howto & Style,Troom Troom PT,2738,nan,Howto,1667,37
960,Parafernalha,12500000,4625777945,Entertainment,Parafernalha,1888,Brazil,Entertainment,1532,171
961,NDTV,12500000,4935793409,Entertainment,NDTV,151136,India,News,1395,24
962,elcarteldesantatv,12500000,7489455451,Music,elcarteldesantatv,377,Mexico,Entertainment,743,171
963,Family Fitness,12500000,10384848759,Entertainment,Family Fitness,1699,India,Entertainment,413,171
964,Zee Tamil,12500000,11552190002,Entertainment,Zee Tamil,102699,India,Entertainment,342,171
965,Flowers Comedy,12500000,11691081301,Entertainment,Flowers Comedy,11907,India,Entertainment,337,170
966,Mundo Bita,12500000,16690788752,Music,Mundo Bita,253,Brazil,Music,171,149
967,Wave Music Bhakti,12500000,5146004207,Music,Wave Music Bhakti,19899,India,Music,1299,149
968,Troom Troom Indonesia,12500000,5379684248,People & Blogs,TROOM TROOM INDONESIA,8,nan,People,4057418,7712
969,CKM,12500000,4465772496,Comedy,CKM,117,India,Comedy,1621,42
970,Quantum Tech HD,12500000,4340213066,Science & Technology,Mr_Mughall Gaming,223,Pakistan,nan,3956586,nan
971,_vector_,12400000,7597013023,Comedy,_vector_,398,United States,Comedy,720,43
972,DEV Ke Facts,12400000,1971226335,nan,DEV Ke Facts,218,India,Education,5034,47
973,Hero Movies 2023,12400000,1689090619,People & Blogs,Hero Movies 2023,689,nan,People,6116,63
974,LOUD,12400000,2394143260,Gaming,WatchLOUD,690,United States,Entertainment,186431,1759
975,Gibby :),12400000,2862685032,People & Blogs,Gibby :),226,Mexico,People,3087,63
976,Gustavo Par��,12400000,2602614088,Comedy,GustavoParodias,9,Brazil,Comedy,4050768,4894
977,SAAIHALILINTAR,12400000,1113066203,Entertainment,SAAIHALILINTAR,409,Indonesia,Entertainment,10271,172
978,Timba Vk,12400000,2840137980,Gaming,Timba Vk,1024,Spain,Games,3116,68
979,Heidi and Zidane HZHtube,12400000,4021409291,Entertainment,Heidi and Zidane HZHtube,813,Canada,Entertainment,1900,172
980,DaniRep | +6 V�����������,12400000,6933660906,Gaming,DaniRep | +6 V�����������,12419,Spain,Games,847,68
981,Zee Kids,12400000,7683670251,Film & Animation,Zee Kids,1212,India,Entertainment,709,172
982,Pari's Lifestyle,12400000,7741764747,People & Blogs,Pari's Lifestyle,459,India,People,702,63
983,DisneyChannelUK,12400000,12607488647,Music,DisneyChannelUK,4422,United Kingdom,Entertainment,306,172
984,MoniLina,12400000,16086808918,Comedy,MoniLinaFamily,0,United States,People,4057944,2499
985,bharatzkitchen HINDI,12400000,2315226648,Howto & Style,bharatzkitchen HINDI,729,India,Howto,4042,38
986,TKOR,12400000,3392022527,Education,TKoR,0,nan,People,4057944,7741
987,ANNA KOVA,12400000,13959586308,People & Blogs,annakova,1,nan,Film,4049634,5307
988,Avril Lavigne,12400000,6202090191,Music,Avril Lavigne,205,United States,Music,999,150
989,Caylus,12400000,4779139505,Education,Caylus,1340,United States,Games,1442,68
990,Migos ATL,12400000,6993406259,Music,Migos ATL,99,United States,Entertainment,833,171
991,Natan por A�,12300000,9029609749,Sports,Natan por A�,1200,Brazil,Entertainment,525,172
992,Free Fire India Official,12300000,1674409945,People & Blogs,Free Fire India Official,1500,India,Games,6141,69
993,Panda,12300000,2214684303,nan,HybridPanda,2452,United Kingdom,Games,129005,1202
994,RobTopGames,12300000,374123483,Gaming,RobTopGames,39,Sweden,Games,35112,69
995,Make Joke Of,12300000,2129773714,Comedy,Make Joke Of,62,India,Comedy,4568,44
